{"config_name": "static_grid_AAVEUSDT_426days",
 "logging_level": 0,
 "long": {"auto_unstuck_ema_dist": -0.09160563514842547,
          "auto_unstuck_wallet_exposure_threshold": 0.0678636311424432,
          "backwards_tp": true,
          "ema_span_0": 1201.3480357814008,
          "ema_span_1": 1301.963537589056,
          "enabled": true,
          "eprice_exp_base": 1,
          "eprice_pprice_diff": 0.016668159705086213,
          "grid_span": 0.6304362572390785,
          "initial_eprice_ema_dist": -0.06644130860358508,
          "initial_qty_pct": 0.03277200700966994,
          "markup_range": 0.055801520298762224,
          "max_n_entry_orders": 19,
          "min_markup": 0.0037898840792848915,
          "n_close_orders": 15,
          "secondary_allocation": 0.5242643662919663,
          "secondary_pprice_diff": 0.23244862324303056,
          "wallet_exposure_limit": 1},
 "short": {"auto_unstuck_ema_dist": -0.058798589187171686,
           "auto_unstuck_wallet_exposure_threshold": 0.053863929246337997,
           "backwards_tp": true,
           "ema_span_0": 866.9183254570482,
           "ema_span_1": 1236.7687788288415,
           "enabled": true,
           "eprice_exp_base": 1.5048348092073307,
           "eprice_pprice_diff": 0.03216583634275522,
           "grid_span": 0.53922555583077,
           "initial_eprice_ema_dist": -0.004834341983712714,
           "initial_qty_pct": 0.013251408439243073,
           "markup_range": 0.004770350310911007,
           "max_n_entry_orders": 8,
           "min_markup": 0.005792264942574439,
           "n_close_orders": 15,
           "secondary_allocation": 0.1678244211484171,
           "secondary_pprice_diff": 0.05855043042327963,
           "wallet_exposure_limit": 1}}