{"config_name": "static_grid_ADAUSDT_434days",
 "logging_level": 0,
 "long": {"auto_unstuck_ema_dist": 0.001550970129588239,
          "auto_unstuck_wallet_exposure_threshold": 0.05962422893146051,
          "backwards_tp": true,
          "ema_span_0": 387.9278305931352,
          "ema_span_1": 240.41042444022935,
          "enabled": true,
          "eprice_exp_base": 1.098078382587738,
          "eprice_pprice_diff": 0.03740315430935904,
          "grid_span": 0.10672865709034439,
          "initial_eprice_ema_dist": -0.009063334732027641,
          "initial_qty_pct": 0.010380873558618473,
          "markup_range": 0.0037177842191222577,
          "max_n_entry_orders": 19,
          "min_markup": 0.002937839167895628,
          "n_close_orders": 14,
          "secondary_allocation": 0.031785635521084286,
          "secondary_pprice_diff": 0.4790161121327916,
          "wallet_exposure_limit": 1},
 "short": {"auto_unstuck_ema_dist": -0.06411508466857183,
           "auto_unstuck_wallet_exposure_threshold": 0.04235824410390787,
           "backwards_tp": true,
           "ema_span_0": 1224.2489897793748,
           "ema_span_1": 1311.5913213546964,
           "enabled": true,
           "eprice_exp_base": 1.8231183058187828,
           "eprice_pprice_diff": 0.023425027011665017,
           "grid_span": 0.3683792662861871,
           "initial_eprice_ema_dist": 0.00041141005484629376,
           "initial_qty_pct": 0.019921411738812643,
           "markup_range": 0.00436226062334342,
           "max_n_entry_orders": 15,
           "min_markup": 0.004727823067564387,
           "n_close_orders": 7,
           "secondary_allocation": 0.20777524054974666,
           "secondary_pprice_diff": 0.23271636005880703,
           "wallet_exposure_limit": 1}}