{"config_name": "static_grid_ATOMUSDT_517days",
 "logging_level": 0,
 "long": {"auto_unstuck_ema_dist": -0.012000674596924797,
          "auto_unstuck_wallet_exposure_threshold": 0.037407662083974884,
          "backwards_tp": true,
          "ema_span_0": 354.3609591605408,
          "ema_span_1": 498.9398667747443,
          "enabled": true,
          "eprice_exp_base": 1.0034481031468887,
          "eprice_pprice_diff": 0.015779193516302366,
          "grid_span": 0.10344925804001351,
          "initial_eprice_ema_dist": -0.032202799516153444,
          "initial_qty_pct": 0.01607029393155268,
          "markup_range": 0.0023533544823806244,
          "max_n_entry_orders": 18,
          "min_markup": 0.0050374652117673125,
          "n_close_orders": 15,
          "secondary_allocation": 0.18539918219594834,
          "secondary_pprice_diff": 0.27257585560715186,
          "wallet_exposure_limit": 0.66},
 "short": {"auto_unstuck_ema_dist": -0.03611365205716001,
           "auto_unstuck_wallet_exposure_threshold": 0.057810836780941115,
           "backwards_tp": true,
           "ema_span_0": 1346.3634462449581,
           "ema_span_1": 1319.5351624834532,
           "enabled": true,
           "eprice_exp_base": 1.0409231273243165,
           "eprice_pprice_diff": 0.017827477045804695,
           "grid_span": 0.15149495185518075,
           "initial_eprice_ema_dist": -0.03652511345095133,
           "initial_qty_pct": 0.015373335056107239,
           "markup_range": 0.0023615250612491604,
           "max_n_entry_orders": 20,
           "min_markup": 0.001200423529690249,
           "n_close_orders": 10,
           "secondary_allocation": 0.09771477115632902,
           "secondary_pprice_diff": 0.3014156801050471,
           "wallet_exposure_limit": 0.66}}