{"config_name": "static_grid_ATOMUSDT_541days",
 "logging_level": 0,
 "long": {"auto_unstuck_ema_dist": 0.003,
          "auto_unstuck_wallet_exposure_threshold": 0.03437464786639593,
          "backwards_tp": true,
          "ema_span_0": 387.67978288723384,
          "ema_span_1": 981.998854531482,
          "enabled": true,
          "eprice_exp_base": 1.062105971290713,
          "eprice_pprice_diff": 0.015124261342768872,
          "grid_span": 0.1,
          "initial_eprice_ema_dist": -0.08981918822638008,
          "initial_qty_pct": 0.013513743821231081,
          "markup_range": 0.0070151519532840375,
          "max_n_entry_orders": 19,
          "min_markup": 0.001926854120022152,
          "n_close_orders": 12,
          "secondary_allocation": 0.04311376161671718,
          "secondary_pprice_diff": 0.46827789837073264,
          "wallet_exposure_limit": 0.66},
 "short": {"auto_unstuck_ema_dist": -0.06575086067993342,
           "auto_unstuck_wallet_exposure_threshold": 0.06352496771803673,
           "backwards_tp": true,
           "ema_span_0": 585.5661323840294,
           "ema_span_1": 620.8426033455471,
           "enabled": true,
           "eprice_exp_base": 1.048499401334964,
           "eprice_pprice_diff": 0.00956537024298856,
           "grid_span": 0.1273872878014012,
           "initial_eprice_ema_dist": -0.001552455921658351,
           "initial_qty_pct": 0.013675187171529097,
           "markup_range": 0.003961470677007047,
           "max_n_entry_orders": 16,
           "min_markup": 0.0023059030008906385,
           "n_close_orders": 5,
           "secondary_allocation": 0.11447262940898027,
           "secondary_pprice_diff": 0.3840454943598274,
           "wallet_exposure_limit": 0.66}}