{"config_name": "static_grid_ATOMUSDT_437days",
 "logging_level": 0,
 "long": {"auto_unstuck_ema_dist": -0.05760423775487513,
          "auto_unstuck_wallet_exposure_threshold": 0.05695552321571825,
          "backwards_tp": true,
          "ema_span_0": 850.721860682788,
          "ema_span_1": 345.216845281674,
          "enabled": true,
          "eprice_exp_base": 1,
          "eprice_pprice_diff": 0.015027839823379728,
          "grid_span": 0.1,
          "initial_eprice_ema_dist": -0.004563779446492571,
          "initial_qty_pct": 0.021316733495172314,
          "markup_range": 0.0050802811049519515,
          "max_n_entry_orders": 16,
          "min_markup": 0.0026366991395182574,
          "n_close_orders": 5,
          "secondary_allocation": 0.09268191194342683,
          "secondary_pprice_diff": 0.48510250661148585,
          "wallet_exposure_limit": 1},
 "short": {"auto_unstuck_ema_dist": -0.09779729405643714,
           "auto_unstuck_wallet_exposure_threshold": 0.08175243688486827,
           "backwards_tp": true,
           "ema_span_0": 1380.2184034177008,
           "ema_span_1": 1215.0389890406948,
           "enabled": true,
           "eprice_exp_base": 1.173757203363226,
           "eprice_pprice_diff": 0.016803363760144917,
           "grid_span": 0.12592949526975372,
           "initial_eprice_ema_dist": -0.0006202459606123919,
           "initial_qty_pct": 0.017103737829311287,
           "markup_range": 0.0033512078592882605,
           "max_n_entry_orders": 21,
           "min_markup": 0.005985958205283916,
           "n_close_orders": 11,
           "secondary_allocation": 0.1892038933325762,
           "secondary_pprice_diff": 0.339951793345456,
           "wallet_exposure_limit": 1}}