{"config_name": "static_grid_ATOMUSDT_429days",
 "logging_level": 0,
 "long": {"auto_unstuck_ema_dist": -0.08016518658347288,
          "auto_unstuck_wallet_exposure_threshold": 0.09191760120181088,
          "backwards_tp": true,
          "ema_span_0": 802.0501516184921,
          "ema_span_1": 1338.3349831510645,
          "enabled": true,
          "eprice_exp_base": 1.2362667196378898,
          "eprice_pprice_diff": 0.00947961959188784,
          "grid_span": 0.1,
          "initial_eprice_ema_dist": -0.00496394554246243,
          "initial_qty_pct": 0.012177951422549817,
          "markup_range": 0.002872320109410132,
          "max_n_entry_orders": 18,
          "min_markup": 0.004769477976387191,
          "n_close_orders": 15,
          "secondary_allocation": 0.1396605102831053,
          "secondary_pprice_diff": 0.3425607309625664,
          "wallet_exposure_limit": 1},
 "short": {"auto_unstuck_ema_dist": -0.023280403940167314,
           "auto_unstuck_wallet_exposure_threshold": 0.0383563235473796,
           "backwards_tp": true,
           "ema_span_0": 33.16668370280071,
           "ema_span_1": 1240.090718206684,
           "enabled": true,
           "eprice_exp_base": 1.1161333624698173,
           "eprice_pprice_diff": 0.01913294565996839,
           "grid_span": 0.13388617916342532,
           "initial_eprice_ema_dist": -0.013502546956291661,
           "initial_qty_pct": 0.016685485413722424,
           "markup_range": 0.002046372946953864,
           "max_n_entry_orders": 20,
           "min_markup": 0.005064782607504646,
           "n_close_orders": 16,
           "secondary_allocation": 0.11425048214249975,
           "secondary_pprice_diff": 0.3591626289081637,
           "wallet_exposure_limit": 1}}