{"config_name": "static_grid_ATOMUSDT_454days",
 "logging_level": 0,
 "long": {"auto_unstuck_ema_dist": -0.020771827658059253,
          "auto_unstuck_wallet_exposure_threshold": 0.07613315166872128,
          "backwards_tp": true,
          "ema_span_0": 763.3519154543445,
          "ema_span_1": 1356.4573252787216,
          "enabled": true,
          "eprice_exp_base": 1.0704519379024862,
          "eprice_pprice_diff": 0.007614917716532564,
          "grid_span": 0.11062726969433442,
          "initial_eprice_ema_dist": 0.004,
          "initial_qty_pct": 0.01828765237271093,
          "markup_range": 0.0036714555379584657,
          "max_n_entry_orders": 20,
          "min_markup": 0.0027501018148618755,
          "n_close_orders": 11,
          "secondary_allocation": 0.18816902539506936,
          "secondary_pprice_diff": 0.3095416544660084,
          "wallet_exposure_limit": 1},
 "short": {"auto_unstuck_ema_dist": 0.0005157456026200274,
           "auto_unstuck_wallet_exposure_threshold": 0.030417800279739022,
           "backwards_tp": true,
           "ema_span_0": 1198.5321959423313,
           "ema_span_1": 137.2783515242188,
           "enabled": true,
           "eprice_exp_base": 1.6551151377306836,
           "eprice_pprice_diff": 0.012274315551583015,
           "grid_span": 0.11927982932441927,
           "initial_eprice_ema_dist": -0.004290428042075515,
           "initial_qty_pct": 0.024394961304842675,
           "markup_range": 0.0007332728488811207,
           "max_n_entry_orders": 7,
           "min_markup": 0.006377457413500703,
           "n_close_orders": 3,
           "secondary_allocation": 0.09328005781984691,
           "secondary_pprice_diff": 0.2762215186779483,
           "wallet_exposure_limit": 1}}