{"config_name": "static_grid_1_symbols_425days",
 "logging_level": 0,
 "long": {"auto_unstuck_ema_dist": -0.08930933232973433,
          "auto_unstuck_wallet_exposure_threshold": 0.069536535970831,
          "backwards_tp": true,
          "ema_span_0": 881.2586069256649,
          "ema_span_1": 1312.4808928914194,
          "enabled": true,
          "eprice_exp_base": 1,
          "eprice_pprice_diff": 0.01850844797010584,
          "grid_span": 0.29034095631579504,
          "initial_eprice_ema_dist": -0.019376050536246903,
          "initial_qty_pct": 0.01019543532531964,
          "markup_range": 0.011919710653423336,
          "max_n_entry_orders": 16,
          "min_markup": 0.002018057853294071,
          "n_close_orders": 12,
          "secondary_allocation": 0.1470078764612494,
          "secondary_pprice_diff": 0.26315537837880876,
          "wallet_exposure_limit": 1},
 "short": {"auto_unstuck_ema_dist": -0.05928921044606308,
           "auto_unstuck_wallet_exposure_threshold": 0.09521737620105475,
           "backwards_tp": true,
           "ema_span_0": 1304.9503884641297,
           "ema_span_1": 1041.6642032451773,
           "enabled": true,
           "eprice_exp_base": 2.0074941871142706,
           "eprice_pprice_diff": 0.013230116061542571,
           "grid_span": 0.11936680546594436,
           "initial_eprice_ema_dist": -0.004094924373930265,
           "initial_qty_pct": 0.02107511038483078,
           "markup_range": 0.002148698244114211,
           "max_n_entry_orders": 19,
           "min_markup": 0.004174363461307164,
           "n_close_orders": 15,
           "secondary_allocation": 0.0,
           "secondary_pprice_diff": 0.21864429387061574,
           "wallet_exposure_limit": 1}}