{"config_name": "neat_grid_1_symbols_426days",
 "logging_level": 0,
 "long": {"auto_unstuck_ema_dist": -0.01679491756280374,
          "auto_unstuck_wallet_exposure_threshold": 0.058415680559275505,
          "backwards_tp": true,
          "ema_span_0": 741.7421901022108,
          "ema_span_1": 783.7768541253588,
          "enabled": true,
          "eprice_exp_base": 1.5254381052575816,
          "eqty_exp_base": 1.5648899766790378,
          "grid_span": 0.46389132635061603,
          "initial_eprice_ema_dist": -0.0902702318575342,
          "initial_qty_pct": 0.0761897218547457,
          "markup_range": 0.039207545781231735,
          "max_n_entry_orders": 19,
          "min_markup": 0.0030617696750109774,
          "n_close_orders": 13,
          "wallet_exposure_limit": 1},
 "short": {"auto_unstuck_ema_dist": -0.05061567843393475,
           "auto_unstuck_wallet_exposure_threshold": 0.04658806321947344,
           "backwards_tp": true,
           "ema_span_0": 1339.906569780565,
           "ema_span_1": 821.2150078321886,
           "enabled": true,
           "eprice_exp_base": 1.0458092727395985,
           "eqty_exp_base": 1.2872913112865703,
           "grid_span": 0.1,
           "initial_eprice_ema_dist": -0.0005527099735461649,
           "initial_qty_pct": 0.08247280325211592,
           "markup_range": 0.013191068302891407,
           "max_n_entry_orders": 16,
           "min_markup": 0.002749037894155664,
           "n_close_orders": 12,
           "wallet_exposure_limit": 1}}