{"config_name": "static_grid_ATOMUSDT_528days",
 "logging_level": 0,
 "long": {"auto_unstuck_ema_dist": -0.058787171480501485,
          "auto_unstuck_wallet_exposure_threshold": 0.07456371524645991,
          "backwards_tp": true,
          "ema_span_0": 149.4789802801769,
          "ema_span_1": 569.0633061992789,
          "enabled": true,
          "eprice_exp_base": 1.0754890708284068,
          "eprice_pprice_diff": 0.014406626686107246,
          "grid_span": 0.1,
          "initial_eprice_ema_dist": -0.02857984341901725,
          "initial_qty_pct": 0.014743072730058055,
          "markup_range": 0.004467308990188179,
          "max_n_entry_orders": 19,
          "min_markup": 0.003076652703477336,
          "n_close_orders": 7,
          "secondary_allocation": 0.11215559241136407,
          "secondary_pprice_diff": 0.22666554891594715,
          "wallet_exposure_limit": 0.66},
 "short": {"auto_unstuck_ema_dist": 0.003,
           "auto_unstuck_wallet_exposure_threshold": 0.049456071156109546,
           "backwards_tp": true,
           "ema_span_0": 588.4096543412215,
           "ema_span_1": 1440,
           "enabled": true,
           "eprice_exp_base": 1.016325458427504,
           "eprice_pprice_diff": 0.012012380677207836,
           "grid_span": 0.12451992939813501,
           "initial_eprice_ema_dist": -0.0001395930832048879,
           "initial_qty_pct": 0.018353580287228485,
           "markup_range": 0.007152364105979453,
           "max_n_entry_orders": 19,
           "min_markup": 0.0016597567385469112,
           "n_close_orders": 2,
           "secondary_allocation": 0.08849593665133115,
           "secondary_pprice_diff": 0.21013558062664692,
           "wallet_exposure_limit": 0.66}}