{"config_name": "static_grid_ATOMUSDT_447days",
 "logging_level": 0,
 "long": {"auto_unstuck_ema_dist": -0.0049003146500332245,
          "auto_unstuck_wallet_exposure_threshold": 0.09463701104415667,
          "backwards_tp": true,
          "ema_span_0": 621.4499138118321,
          "ema_span_1": 1391.2436784954232,
          "enabled": true,
          "eprice_exp_base": 1.111072741327192,
          "eprice_pprice_diff": 0.007113139741363936,
          "grid_span": 0.10943357538946151,
          "initial_eprice_ema_dist": 0.004,
          "initial_qty_pct": 0.01558807908547605,
          "markup_range": 0.004028220487468244,
          "max_n_entry_orders": 17,
          "min_markup": 0.003175352129407624,
          "n_close_orders": 16,
          "secondary_allocation": 0.1185171020419922,
          "secondary_pprice_diff": 0.30459312930925525,
          "wallet_exposure_limit": 1},
 "short": {"auto_unstuck_ema_dist": -0.028073060178033547,
           "auto_unstuck_wallet_exposure_threshold": 0.06082667903636723,
           "backwards_tp": true,
           "ema_span_0": 310.05501129726133,
           "ema_span_1": 942.7179146907283,
           "enabled": true,
           "eprice_exp_base": 1.4276627439895502,
           "eprice_pprice_diff": 0.01112632561385158,
           "grid_span": 0.12193014595421262,
           "initial_eprice_ema_dist": -0.005943691874560808,
           "initial_qty_pct": 0.015264834955475858,
           "markup_range": 0.005454738509860748,
           "max_n_entry_orders": 21,
           "min_markup": 0.00224619932887845,
           "n_close_orders": 8,
           "secondary_allocation": 0.10484098198820875,
           "secondary_pprice_diff": 0.2905823135722859,
           "wallet_exposure_limit": 1}}