{"config_name": "static_grid_ATOMUSDT_425days",
 "logging_level": 0,
 "long": {"auto_unstuck_ema_dist": -0.08930933232973433,
          "auto_unstuck_wallet_exposure_threshold": 0.069536535970831,
          "backwards_tp": true,
          "ema_span_0": 881.2586069256649,
          "ema_span_1": 1312.4808928914194,
          "enabled": true,
          "eprice_exp_base": 1,
          "eprice_pprice_diff": 0.01850844797010584,
          "grid_span": 0.29034095631579504,
          "initial_eprice_ema_dist": -0.019376050536246903,
          "initial_qty_pct": 0.01019543532531964,
          "markup_range": 0.011919710653423336,
          "max_n_entry_orders": 16,
          "min_markup": 0.002018057853294071,
          "n_close_orders": 12,
          "secondary_allocation": 0.1470078764612494,
          "secondary_pprice_diff": 0.26315537837880876,
          "wallet_exposure_limit": 1},
 "short": {"auto_unstuck_ema_dist": -0.011029913216904491,
           "auto_unstuck_wallet_exposure_threshold": 0.0718800922037531,
           "backwards_tp": true,
           "ema_span_0": 1295.9065484455582,
           "ema_span_1": 1101.7381719477582,
           "enabled": true,
           "eprice_exp_base": 1.2018212179144199,
           "eprice_pprice_diff": 0.023055265865429254,
           "grid_span": 0.12357079851777936,
           "initial_eprice_ema_dist": -0.0015969243190893242,
           "initial_qty_pct": 0.016959113933586612,
           "markup_range": 0.002148698244114211,
           "max_n_entry_orders": 19,
           "min_markup": 0.001932115024284457,
           "n_close_orders": 5,
           "secondary_allocation": 0.1825633497607823,
           "secondary_pprice_diff": 0.22727233043916598,
           "wallet_exposure_limit": 1}}