{"config_name": "static_grid_ATOMUSDT_426days",
 "logging_level": 0,
 "long": {"auto_unstuck_ema_dist": -0.016275325131529732,
          "auto_unstuck_wallet_exposure_threshold": 0.0518919421950139,
          "backwards_tp": true,
          "ema_span_0": 423.48177895127117,
          "ema_span_1": 140.8562957942105,
          "enabled": true,
          "eprice_exp_base": 1.1908994515796922,
          "eprice_pprice_diff": 0.006515166826858415,
          "grid_span": 0.1205007813879312,
          "initial_eprice_ema_dist": 0.0022609734591574567,
          "initial_qty_pct": 0.013760037022288788,
          "markup_range": 0.0033865462166069536,
          "max_n_entry_orders": 18,
          "min_markup": 0.0029041557709745297,
          "n_close_orders": 6,
          "secondary_allocation": 0.12083857327135247,
          "secondary_pprice_diff": 0.47220160883213164,
          "wallet_exposure_limit": 1},
 "short": {"auto_unstuck_ema_dist": -0.02559089207720551,
           "auto_unstuck_wallet_exposure_threshold": 0.07704351000312652,
           "backwards_tp": true,
           "ema_span_0": 787.8332715895458,
           "ema_span_1": 169.08775537407584,
           "enabled": true,
           "eprice_exp_base": 1.5809644244047023,
           "eprice_pprice_diff": 0.008463265879364294,
           "grid_span": 0.1253984161496815,
           "initial_eprice_ema_dist": -0.010645867430126245,
           "initial_qty_pct": 0.014659062234433426,
           "markup_range": 0.002874714389164108,
           "max_n_entry_orders": 12,
           "min_markup": 0.0021356544214273564,
           "n_close_orders": 2,
           "secondary_allocation": 0.1818328753840366,
           "secondary_pprice_diff": 0.22970890035905744,
           "wallet_exposure_limit": 1}}