{"config_name": "static_grid_ATOMUSDT_472days",
 "logging_level": 0,
 "long": {"auto_unstuck_ema_dist": 0.0012602145027930823,
          "auto_unstuck_wallet_exposure_threshold": 0.0446088735410097,
          "backwards_tp": true,
          "ema_span_0": 505.06641340589545,
          "ema_span_1": 1139.8458693451387,
          "enabled": true,
          "eprice_exp_base": 1.313110679905379,
          "eprice_pprice_diff": 0.011558501698691964,
          "grid_span": 0.1,
          "initial_eprice_ema_dist": -0.002491873088276489,
          "initial_qty_pct": 0.018794207943596267,
          "markup_range": 0.003524797974419537,
          "max_n_entry_orders": 11,
          "min_markup": 0.005019768791092508,
          "n_close_orders": 9,
          "secondary_allocation": 0.09301821645479261,
          "secondary_pprice_diff": 0.21279904257494758,
          "wallet_exposure_limit": 1.0},
 "short": {"auto_unstuck_ema_dist": -0.09193512705849285,
           "auto_unstuck_wallet_exposure_threshold": 0.08067574975591037,
           "backwards_tp": true,
           "ema_span_0": 915.0401019910779,
           "ema_span_1": 493.71052060463734,
           "enabled": true,
           "eprice_exp_base": 1.1370849233463547,
           "eprice_pprice_diff": 0.016266115118264597,
           "grid_span": 0.1368901878302876,
           "initial_eprice_ema_dist": -0.006515450799311472,
           "initial_qty_pct": 0.018763817691911683,
           "markup_range": 0.0020521837355293583,
           "max_n_entry_orders": 18,
           "min_markup": 0.00461595252455647,
           "n_close_orders": 14,
           "secondary_allocation": 0.12910131180333448,
           "secondary_pprice_diff": 0.3064932279940754,
           "wallet_exposure_limit": 1.0}}