{"config_name": "static_grid_ATOMUSDT_497days",
 "logging_level": 0,
 "long": {"auto_unstuck_ema_dist": -0.05503044926689924,
          "auto_unstuck_wallet_exposure_threshold": 0.059763720507334014,
          "backwards_tp": true,
          "ema_span_0": 647.2915762581458,
          "ema_span_1": 519.4169190038649,
          "enabled": true,
          "eprice_exp_base": 1,
          "eprice_pprice_diff": 0.014016697304236582,
          "grid_span": 0.1,
          "initial_eprice_ema_dist": 0.0014613891780428387,
          "initial_qty_pct": 0.01,
          "markup_range": 0.006604911769265884,
          "max_n_entry_orders": 18,
          "min_markup": 0.007031806728033321,
          "n_close_orders": 5,
          "secondary_allocation": 0.10243219830568018,
          "secondary_pprice_diff": 0.44619042135186837,
          "wallet_exposure_limit": 1},
 "short": {"auto_unstuck_ema_dist": -0.02086386142234341,
           "auto_unstuck_wallet_exposure_threshold": 0.08932797484504701,
           "backwards_tp": true,
           "ema_span_0": 1101.213289020068,
           "ema_span_1": 76.31809390455749,
           "enabled": true,
           "eprice_exp_base": 1.244197095205076,
           "eprice_pprice_diff": 0.011038958812228975,
           "grid_span": 0.13213558076564838,
           "initial_eprice_ema_dist": -0.0060628038071996165,
           "initial_qty_pct": 0.01173569014829531,
           "markup_range": 0.003038078118166407,
           "max_n_entry_orders": 22,
           "min_markup": 0.005005815487017073,
           "n_close_orders": 14,
           "secondary_allocation": 0.15989538872980222,
           "secondary_pprice_diff": 0.4534175956210467,
           "wallet_exposure_limit": 1}}