{"config_name": "static_grid_ATOMUSDT_564days",
 "logging_level": 0,
 "long": {"auto_unstuck_ema_dist": -0.04275571185539835,
          "auto_unstuck_wallet_exposure_threshold": 0.07352397750844371,
          "backwards_tp": true,
          "ema_span_0": 1377.6740180059342,
          "ema_span_1": 1177.3785277558109,
          "enabled": true,
          "eprice_exp_base": 1.1079724654268053,
          "eprice_pprice_diff": 0.009684829785830133,
          "grid_span": 0.1,
          "initial_eprice_ema_dist": 0.002559111088700116,
          "initial_qty_pct": 0.028838346455060993,
          "markup_range": 0.004025892227426453,
          "max_n_entry_orders": 16,
          "min_markup": 0.0022322177282176614,
          "n_close_orders": 2,
          "secondary_allocation": 0.11852787860114666,
          "secondary_pprice_diff": 0.32290321141069905,
          "wallet_exposure_limit": 0.66},
 "short": {"auto_unstuck_ema_dist": 0.0023545722026386876,
           "auto_unstuck_wallet_exposure_threshold": 0.03,
           "backwards_tp": true,
           "ema_span_0": 1440,
           "ema_span_1": 277.36201685424356,
           "enabled": true,
           "eprice_exp_base": 1.0726676831330328,
           "eprice_pprice_diff": 0.016070698231121183,
           "grid_span": 0.11934824644559504,
           "initial_eprice_ema_dist": -0.006273378976920518,
           "initial_qty_pct": 0.013001700300991455,
           "markup_range": 0.008632949829153018,
           "max_n_entry_orders": 20,
           "min_markup": 0.006706420592021143,
           "n_close_orders": 9,
           "secondary_allocation": 0.02524234684273554,
           "secondary_pprice_diff": 0.14246594467303053,
           "wallet_exposure_limit": 0.66}}