{"config_name": "static_grid_BTCUSDT_561days",
 "logging_level": 0,
 "long": {"auto_unstuck_ema_dist": -0.013517486350933465,
          "auto_unstuck_wallet_exposure_threshold": 0.031715029841017095,
          "backwards_tp": true,
          "ema_span_0": 675.1833426982114,
          "ema_span_1": 637.8650838549759,
          "enabled": true,
          "eprice_exp_base": 1.1121650024512688,
          "eprice_pprice_diff": 0.0072220724264176585,
          "grid_span": 0.16722494270615723,
          "initial_eprice_ema_dist": -0.0011451053499719876,
          "initial_qty_pct": 0.010836626441466731,
          "markup_range": 0.0016175534699156928,
          "max_n_entry_orders": 15,
          "min_markup": 0.0014152922745921327,
          "n_close_orders": 11,
          "secondary_allocation": 0.10363056247291291,
          "secondary_pprice_diff": 0.23359135415295673,
          "wallet_exposure_limit": 2},
 "short": {"auto_unstuck_ema_dist": -0.06341131124465382,
           "auto_unstuck_wallet_exposure_threshold": 0.09837735386988147,
           "backwards_tp": true,
           "ema_span_0": 296.4151983613108,
           "ema_span_1": 1241.2951800722656,
           "enabled": true,
           "eprice_exp_base": 1.743758623253271,
           "eprice_pprice_diff": 0.026990207218169086,
           "grid_span": 0.45448917249238896,
           "initial_eprice_ema_dist": -0.00920965696841345,
           "initial_qty_pct": 0.010070477078759637,
           "markup_range": 0.003090732940617985,
           "max_n_entry_orders": 18,
           "min_markup": 0.0023674800544714954,
           "n_close_orders": 5,
           "secondary_allocation": 0.11922983784702207,
           "secondary_pprice_diff": 0.12145033823397135,
           "wallet_exposure_limit": 2.0}}