{"config_name": "static_grid_BTCUSDT_539days",
 "logging_level": 0,
 "long": {"auto_unstuck_ema_dist": -0.059627273348712886,
          "auto_unstuck_wallet_exposure_threshold": 0.08763768607901856,
          "backwards_tp": true,
          "ema_span_0": 424.6794780904084,
          "ema_span_1": 605.9190992965009,
          "enabled": true,
          "eprice_exp_base": 1.0875302320359717,
          "eprice_pprice_diff": 0.007122295732061289,
          "grid_span": 0.14907595563538306,
          "initial_eprice_ema_dist": -0.002554440673666783,
          "initial_qty_pct": 0.01,
          "markup_range": 0.0013063457955168657,
          "max_n_entry_orders": 21,
          "min_markup": 0.0013628208403972959,
          "n_close_orders": 9,
          "secondary_allocation": 0.2255800803749955,
          "secondary_pprice_diff": 0.323152251837739,
          "wallet_exposure_limit": 2},
 "short": {"auto_unstuck_ema_dist": -0.0495110619770501,
           "auto_unstuck_wallet_exposure_threshold": 0.042042716746277325,
           "backwards_tp": true,
           "ema_span_0": 1384.1591962068424,
           "ema_span_1": 447.32676654971715,
           "enabled": true,
           "eprice_exp_base": 1.7420497157716701,
           "eprice_pprice_diff": 0.031608553726065344,
           "grid_span": 0.44476451211730095,
           "initial_eprice_ema_dist": -0.004854097243283544,
           "initial_qty_pct": 0.01,
           "markup_range": 0.00270267839185301,
           "max_n_entry_orders": 17,
           "min_markup": 0.0012968223296413758,
           "n_close_orders": 5,
           "secondary_allocation": 0.12457904636947405,
           "secondary_pprice_diff": 0.46811124126914827,
           "wallet_exposure_limit": 2}}