{"config_name": "static_grid_BTCUSDT_582days",
 "logging_level": 0,
 "long": {"auto_unstuck_ema_dist": -0.026924853535334553,
          "auto_unstuck_wallet_exposure_threshold": 0.06907627950828348,
          "backwards_tp": true,
          "ema_span_0": 952.8038632315952,
          "ema_span_1": 892.964291511553,
          "enabled": true,
          "eprice_exp_base": 1.434146711679471,
          "eprice_pprice_diff": 0.006048172577295471,
          "grid_span": 0.13479002160944964,
          "initial_eprice_ema_dist": -0.0015592824137768495,
          "initial_qty_pct": 0.011083795253039482,
          "markup_range": 0.001053023100558541,
          "max_n_entry_orders": 19,
          "min_markup": 0.0016184081167350767,
          "n_close_orders": 2,
          "secondary_allocation": 0.1255242832501562,
          "secondary_pprice_diff": 0.39644730744692847,
          "wallet_exposure_limit": 2},
 "short": {"auto_unstuck_ema_dist": -0.0025083811630998917,
           "auto_unstuck_wallet_exposure_threshold": 0.05125668692095606,
           "backwards_tp": true,
           "ema_span_0": 525.276808846815,
           "ema_span_1": 768.4023403701719,
           "enabled": true,
           "eprice_exp_base": 1.1014988917923443,
           "eprice_pprice_diff": 0.016605426957775518,
           "grid_span": 0.25127798607630525,
           "initial_eprice_ema_dist": 0.004,
           "initial_qty_pct": 0.01,
           "markup_range": 0.0,
           "max_n_entry_orders": 20,
           "min_markup": 0.001167357890805392,
           "n_close_orders": 4,
           "secondary_allocation": 0.03543962756382828,
           "secondary_pprice_diff": 0.37109397875244,
           "wallet_exposure_limit": 2}}