{"config_name": "static_grid_BTCUSDT_526days-2",
 "logging_level": 0,
 "long": {"auto_unstuck_ema_dist": -0.022750302954513288,
          "auto_unstuck_wallet_exposure_threshold": 0.03708862247294753,
          "backwards_tp": true,
          "ema_span_0": 5,
          "ema_span_1": 970.9450204842842,
          "enabled": true,
          "eprice_exp_base": 1.1312379538732091,
          "eprice_pprice_diff": 0.00799278812070873,
          "grid_span": 0.14808544995372294,
          "initial_eprice_ema_dist": -0.0010079718606065186,
          "initial_qty_pct": 0.012728630263930101,
          "markup_range": 0.0006926969999407134,
          "max_n_entry_orders": 19,
          "min_markup": 0.0010694079343734418,
          "n_close_orders": 8,
          "secondary_allocation": 0.0887628943674787,
          "secondary_pprice_diff": 0.40808408027670023,
          "wallet_exposure_limit": 2},
 "short": {"auto_unstuck_ema_dist": -0.05973370267105934,
           "auto_unstuck_wallet_exposure_threshold": 0.030830608364064222,
           "backwards_tp": true,
           "ema_span_0": 463.7089846195752,
           "ema_span_1": 1190.6249679470266,
           "enabled": true,
           "eprice_exp_base": 1.2759702948668874,
           "eprice_pprice_diff": 0.03449556859246541,
           "grid_span": 0.2798246593580861,
           "initial_eprice_ema_dist": 0.004,
           "initial_qty_pct": 0.014690849414325965,
           "markup_range": 0.0,
           "max_n_entry_orders": 22,
           "min_markup": 0.001426993940032901,
           "n_close_orders": 10,
           "secondary_allocation": 0.1827108333609851,
           "secondary_pprice_diff": 0.14037951620987932,
           "wallet_exposure_limit": 2}}
