{"config_name": "static_grid_DOTUSDT_435days",
 "logging_level": 0,
 "long": {"auto_unstuck_ema_dist": -0.011892911429785963,
          "auto_unstuck_wallet_exposure_threshold": 0.04080180101515637,
          "backwards_tp": true,
          "ema_span_0": 323.09198138034577,
          "ema_span_1": 1073.3627394596283,
          "enabled": true,
          "eprice_exp_base": 1.0086926911319665,
          "eprice_pprice_diff": 0.01660992483940337,
          "grid_span": 0.20801655234105765,
          "initial_eprice_ema_dist": -0.05268114435080086,
          "initial_qty_pct": 0.01,
          "markup_range": 0.0043553526415722275,
          "max_n_entry_orders": 15,
          "min_markup": 0.0011510035458343545,
          "n_close_orders": 10,
          "secondary_allocation": 0.007375503434747843,
          "secondary_pprice_diff": 0.40663532676172265,
          "wallet_exposure_limit": 1},
 "short": {"auto_unstuck_ema_dist": -0.08793531171611772,
           "auto_unstuck_wallet_exposure_threshold": 0.09111768647639991,
           "backwards_tp": true,
           "ema_span_0": 587.9967793687341,
           "ema_span_1": 1440,
           "enabled": true,
           "eprice_exp_base": 1.3183416077583812,
           "eprice_pprice_diff": 0.021289184762493734,
           "grid_span": 0.18926826787735984,
           "initial_eprice_ema_dist": 0.004,
           "initial_qty_pct": 0.01689285669888845,
           "markup_range": 0.0035988805013756576,
           "max_n_entry_orders": 22,
           "min_markup": 0.0022427877829856117,
           "n_close_orders": 5,
           "secondary_allocation": 0.10997073379921204,
           "secondary_pprice_diff": 0.3252925950569086,
           "wallet_exposure_limit": 1}}