{"config_name": "static_grid_DYDXUSDT_449days",
 "logging_level": 0,
 "long": {"auto_unstuck_ema_dist": -0.08804493835869795,
          "auto_unstuck_wallet_exposure_threshold": 0.03,
          "backwards_tp": true,
          "ema_span_0": 342.86762768911467,
          "ema_span_1": 1395.9210418193263,
          "enabled": true,
          "eprice_exp_base": 1.029648965828819,
          "eprice_pprice_diff": 0.022914451481760603,
          "grid_span": 0.25014949600134206,
          "initial_eprice_ema_dist": -0.08890650579184353,
          "initial_qty_pct": 0.012350355587866105,
          "markup_range": 0.005067416325425182,
          "max_n_entry_orders": 16,
          "min_markup": 0.0027444948254751692,
          "n_close_orders": 7,
          "secondary_allocation": 0.06073395780796993,
          "secondary_pprice_diff": 0.4656910437773321,
          "wallet_exposure_limit": 1},
 "short": {"auto_unstuck_ema_dist": -0.009865205099454585,
           "auto_unstuck_wallet_exposure_threshold": 0.053462194488327994,
           "backwards_tp": true,
           "ema_span_0": 1267.2727793520735,
           "ema_span_1": 1318.0725802029538,
           "enabled": true,
           "eprice_exp_base": 1.3170450570572243,
           "eprice_pprice_diff": 0.02547015868073284,
           "grid_span": 0.38141918710822303,
           "initial_eprice_ema_dist": -0.04885094096558776,
           "initial_qty_pct": 0.013749102587453078,
           "markup_range": 0.005511432092594059,
           "max_n_entry_orders": 19,
           "min_markup": 0.009673794342431853,
           "n_close_orders": 4,
           "secondary_allocation": 0.058411596640640266,
           "secondary_pprice_diff": 0.3538278441505739,
           "wallet_exposure_limit": 1}}