{"config_name": "static_grid_DYDXUSDT_474days",
 "logging_level": 0,
 "long": {"auto_unstuck_ema_dist": 0.001860954889649274,
          "auto_unstuck_wallet_exposure_threshold": 0.03707676699769774,
          "backwards_tp": true,
          "ema_span_0": 1113.4958120046506,
          "ema_span_1": 501.4618955227362,
          "enabled": true,
          "eprice_exp_base": 1,
          "eprice_pprice_diff": 0.023064250464928306,
          "grid_span": 0.21709889321162132,
          "initial_eprice_ema_dist": -0.01190216720823392,
          "initial_qty_pct": 0.014412670401815167,
          "markup_range": 0.005344379732273156,
          "max_n_entry_orders": 19,
          "min_markup": 0.0070722902928010405,
          "n_close_orders": 10,
          "secondary_allocation": 0.25671617940218827,
          "secondary_pprice_diff": 0.07310091902033924,
          "wallet_exposure_limit": 1},
 "short": {"auto_unstuck_ema_dist": -0.09909307967622547,
           "auto_unstuck_wallet_exposure_threshold": 0.03923408095396534,
           "backwards_tp": true,
           "ema_span_0": 1425.683995105771,
           "ema_span_1": 1242.8509063314968,
           "enabled": true,
           "eprice_exp_base": 1.4848005430282192,
           "eprice_pprice_diff": 0.02172463834889182,
           "grid_span": 0.3792863206287562,
           "initial_eprice_ema_dist": -0.014521428029370252,
           "initial_qty_pct": 0.02241066670805644,
           "markup_range": 0.00195522171994435,
           "max_n_entry_orders": 12,
           "min_markup": 0.008689360431563747,
           "n_close_orders": 9,
           "secondary_allocation": 0.08562642252270408,
           "secondary_pprice_diff": 0.31052537556538135,
           "wallet_exposure_limit": 1}}