{"config_name": "static_grid_DYDXUSDT_439days",
 "logging_level": 0,
 "long": {"auto_unstuck_ema_dist": -0.07387313219005186,
          "auto_unstuck_wallet_exposure_threshold": 0.031039704017647527,
          "backwards_tp": true,
          "ema_span_0": 802.934336626326,
          "ema_span_1": 1221.4015874179206,
          "enabled": true,
          "eprice_exp_base": 1.0730316822655996,
          "eprice_pprice_diff": 0.024156932659005762,
          "grid_span": 0.2767104170040387,
          "initial_eprice_ema_dist": -0.08849706982492421,
          "initial_qty_pct": 0.012009276505344333,
          "markup_range": 0.0036676944511753753,
          "max_n_entry_orders": 22,
          "min_markup": 0.0030735831237555015,
          "n_close_orders": 4,
          "secondary_allocation": 0.013467959450455527,
          "secondary_pprice_diff": 0.16797818063312084,
          "wallet_exposure_limit": 1},
 "short": {"auto_unstuck_ema_dist": 0.0007727330891866557,
           "auto_unstuck_wallet_exposure_threshold": 0.06602045814147614,
           "backwards_tp": true,
           "ema_span_0": 1375.5959355416817,
           "ema_span_1": 1044.174423521796,
           "enabled": true,
           "eprice_exp_base": 1.2445894851643668,
           "eprice_pprice_diff": 0.023070281181687188,
           "grid_span": 0.353229142068855,
           "initial_eprice_ema_dist": -0.004811701082429485,
           "initial_qty_pct": 0.011781965218596703,
           "markup_range": 0.016809162150437356,
           "max_n_entry_orders": 18,
           "min_markup": 0.0072542076746990826,
           "n_close_orders": 9,
           "secondary_allocation": 0.05423372762528622,
           "secondary_pprice_diff": 0.30084760241127145,
           "wallet_exposure_limit": 1.0}}