{"config_name": "static_grid_DYDXUSDT_426days",
 "logging_level": 0,
 "long": {"auto_unstuck_ema_dist": 0.003,
          "auto_unstuck_wallet_exposure_threshold": 0.051936722989408046,
          "backwards_tp": true,
          "ema_span_0": 1080.4360402595232,
          "ema_span_1": 339.0929616613412,
          "enabled": true,
          "eprice_exp_base": 1.0532161774071345,
          "eprice_pprice_diff": 0.022297346208866448,
          "grid_span": 0.26109517957718453,
          "initial_eprice_ema_dist": -0.013719675165942115,
          "initial_qty_pct": 0.01422943060014762,
          "markup_range": 0.0018055958588722911,
          "max_n_entry_orders": 12,
          "min_markup": 0.0065318188856520664,
          "n_close_orders": 15,
          "secondary_allocation": 0.1354407313749697,
          "secondary_pprice_diff": 0.08934760209573897,
          "wallet_exposure_limit": 1},
 "short": {"auto_unstuck_ema_dist": 0.001812763431483292,
           "auto_unstuck_wallet_exposure_threshold": 0.073059287061058,
           "backwards_tp": true,
           "ema_span_0": 1318.975011714903,
           "ema_span_1": 1440,
           "enabled": true,
           "eprice_exp_base": 1.225466509149326,
           "eprice_pprice_diff": 0.03099202737567114,
           "grid_span": 0.3371969378325158,
           "initial_eprice_ema_dist": -0.001071129693047746,
           "initial_qty_pct": 0.022530411508620136,
           "markup_range": 0.00624713713897965,
           "max_n_entry_orders": 14,
           "min_markup": 0.009363403688249316,
           "n_close_orders": 16,
           "secondary_allocation": 0.052985614078030326,
           "secondary_pprice_diff": 0.4759425605019202,
           "wallet_exposure_limit": 1}}