{"config_name": "static_grid_DYDXUSDT_512days",
 "logging_level": 0,
 "long": {"auto_unstuck_ema_dist": 0.003,
          "auto_unstuck_wallet_exposure_threshold": 0.03708575615331478,
          "backwards_tp": true,
          "ema_span_0": 238.2808532712196,
          "ema_span_1": 244.6252138495035,
          "enabled": true,
          "eprice_exp_base": 1.003345874197656,
          "eprice_pprice_diff": 0.02086020680154964,
          "grid_span": 0.22815046982505266,
          "initial_eprice_ema_dist": 0.0013237534946740582,
          "initial_qty_pct": 0.01783980436233497,
          "markup_range": 0.0,
          "max_n_entry_orders": 22,
          "min_markup": 0.006530537729357873,
          "n_close_orders": 15,
          "secondary_allocation": 0.06217284485771277,
          "secondary_pprice_diff": 0.18139783589768793,
          "wallet_exposure_limit": 0.66},
 "short": {"auto_unstuck_ema_dist": 0.0013371700001505028,
           "auto_unstuck_wallet_exposure_threshold": 0.033981510197608936,
           "backwards_tp": true,
           "ema_span_0": 756.6815686164979,
           "ema_span_1": 1113.6165174492062,
           "enabled": true,
           "eprice_exp_base": 1.478278413814826,
           "eprice_pprice_diff": 0.021967247338307523,
           "grid_span": 0.345188512250627,
           "initial_eprice_ema_dist": 0.0021657353840066644,
           "initial_qty_pct": 0.023618462398992793,
           "markup_range": 0.007066454297442282,
           "max_n_entry_orders": 14,
           "min_markup": 0.009723562973280284,
           "n_close_orders": 11,
           "secondary_allocation": 0.12049469664632806,
           "secondary_pprice_diff": 0.07879127449477043,
           "wallet_exposure_limit": 0.66}}
