{"config_name": "static_grid_1_symbols_469days",
 "logging_level": 0,
 "long": {"auto_unstuck_ema_dist": -0.09264449367954092,
          "auto_unstuck_wallet_exposure_threshold": 0.05240591728031421,
          "backwards_tp": true,
          "ema_span_0": 845.1319848935468,
          "ema_span_1": 6.87835314183104,
          "enabled": true,
          "eprice_exp_base": 2.170245950241681,
          "eprice_pprice_diff": 0.010840742676583333,
          "grid_span": 0.17543053898039082,
          "initial_eprice_ema_dist": -0.06426581600811167,
          "initial_qty_pct": 0.014363382078660274,
          "markup_range": 0.002754434519139227,
          "max_n_entry_orders": 18,
          "min_markup": 0.0021729318341209797,
          "n_close_orders": 7,
          "secondary_allocation": 0.11998668207890269,
          "secondary_pprice_diff": 0.21355529107683574,
          "wallet_exposure_limit": 1.0},
 "short": {"auto_unstuck_ema_dist": -0.005993396891490514,
           "auto_unstuck_wallet_exposure_threshold": 0.05235246207510777,
           "backwards_tp": true,
           "ema_span_0": 1247.6221380586496,
           "ema_span_1": 661.6143073593978,
           "enabled": true,
           "eprice_exp_base": 1.1647230175225727,
           "eprice_pprice_diff": 0.026658112622320172,
           "grid_span": 0.367827822663528,
           "initial_eprice_ema_dist": -0.0024133101305021227,
           "initial_qty_pct": 0.02114931719401184,
           "markup_range": 0.007234076305223609,
           "max_n_entry_orders": 14,
           "min_markup": 0.0060108958206782056,
           "n_close_orders": 6,
           "secondary_allocation": 0.010847687680820051,
           "secondary_pprice_diff": 0.40299403108995446,
           "wallet_exposure_limit": 1}}