{"config_name": "static_grid_DYDXUSDT_433days",
 "logging_level": 0,
 "long": {"auto_unstuck_ema_dist": -0.01316844245799181,
          "auto_unstuck_wallet_exposure_threshold": 0.03,
          "backwards_tp": true,
          "ema_span_0": 1203.2304059586304,
          "ema_span_1": 231.0779882463811,
          "enabled": true,
          "eprice_exp_base": 1.0604594468002866,
          "eprice_pprice_diff": 0.023024469436808748,
          "grid_span": 0.2379617887217375,
          "initial_eprice_ema_dist": 0.003260824079712306,
          "initial_qty_pct": 0.015258796575123702,
          "markup_range": 0.004230739223891824,
          "max_n_entry_orders": 21,
          "min_markup": 0.007514785228843196,
          "n_close_orders": 8,
          "secondary_allocation": 0.12638114974637904,
          "secondary_pprice_diff": 0.28843156494331623,
          "wallet_exposure_limit": 1},
 "short": {"auto_unstuck_ema_dist": -0.004272550838787066,
           "auto_unstuck_wallet_exposure_threshold": 0.03059114939063869,
           "backwards_tp": true,
           "ema_span_0": 707.0651655599453,
           "ema_span_1": 1307.535432271851,
           "enabled": true,
           "eprice_exp_base": 1.1290460101151127,
           "eprice_pprice_diff": 0.028605744507101606,
           "grid_span": 0.2662560655708906,
           "initial_eprice_ema_dist": -0.021346713684365883,
           "initial_qty_pct": 0.012317506410979888,
           "markup_range": 0.011447954786160426,
           "max_n_entry_orders": 20,
           "min_markup": 0.00605906269991687,
           "n_close_orders": 7,
           "secondary_allocation": 0.44298599822901197,
           "secondary_pprice_diff": 0.13757769266494996,
           "wallet_exposure_limit": 1}}