{"config_name": "static_grid_DYDXUSDT_499days",
 "logging_level": 0,
 "long": {"auto_unstuck_ema_dist": 0.003,
          "auto_unstuck_wallet_exposure_threshold": 0.05965925546416701,
          "backwards_tp": true,
          "ema_span_0": 667.3433197564274,
          "ema_span_1": 1381.4075834956736,
          "enabled": true,
          "eprice_exp_base": 1,
          "eprice_pprice_diff": 0.021223608365524112,
          "grid_span": 0.21801821631968105,
          "initial_eprice_ema_dist": 0.004,
          "initial_qty_pct": 0.020538492294474662,
          "markup_range": 0.0032586905806711503,
          "max_n_entry_orders": 16,
          "min_markup": 0.009480028472316871,
          "n_close_orders": 14,
          "secondary_allocation": 0.008670931647869954,
          "secondary_pprice_diff": 0.48278765233792775,
          "wallet_exposure_limit": 1},
 "short": {"auto_unstuck_ema_dist": 0.003,
           "auto_unstuck_wallet_exposure_threshold": 0.06550440963820159,
           "backwards_tp": true,
           "ema_span_0": 1386.1522624626884,
           "ema_span_1": 1436.814666449504,
           "enabled": true,
           "eprice_exp_base": 1.2511948714700278,
           "eprice_pprice_diff": 0.026071274044289192,
           "grid_span": 0.3669562263878502,
           "initial_eprice_ema_dist": -0.012094796362860417,
           "initial_qty_pct": 0.020939606602933376,
           "markup_range": 0.007920262090168235,
           "max_n_entry_orders": 20,
           "min_markup": 0.005368830708667045,
           "n_close_orders": 11,
           "secondary_allocation": 0.07339401955321502,
           "secondary_pprice_diff": 0.07635534164462233,
           "wallet_exposure_limit": 1}}