{"config_name": "static_grid_ETHUSDT_514days",
 "logging_level": 0,
 "long": {"auto_unstuck_ema_dist": -0.02969096789514857,
          "auto_unstuck_wallet_exposure_threshold": 0.04350299672254486,
          "backwards_tp": true,
          "ema_span_0": 521.9480221690291,
          "ema_span_1": 875.7461182616323,
          "enabled": true,
          "eprice_exp_base": 1.142717659039915,
          "eprice_pprice_diff": 0.007163726618349791,
          "grid_span": 0.12802198790398656,
          "initial_eprice_ema_dist": -0.0013680280585669498,
          "initial_qty_pct": 0.0179150146809062,
          "markup_range": 0.0008049026686019537,
          "max_n_entry_orders": 19,
          "min_markup": 0.0024244917657686156,
          "n_close_orders": 7,
          "secondary_allocation": 0.12283458717685136,
          "secondary_pprice_diff": 0.21414552610415866,
          "wallet_exposure_limit": 1},
 "short": {"auto_unstuck_ema_dist": -0.01530551116564944,
           "auto_unstuck_wallet_exposure_threshold": 0.06713406631558243,
           "backwards_tp": true,
           "ema_span_0": 366.3267623902097,
           "ema_span_1": 447.9736946531422,
           "enabled": true,
           "eprice_exp_base": 1.0926492379472834,
           "eprice_pprice_diff": 0.009586190401752662,
           "grid_span": 0.17947196880100247,
           "initial_eprice_ema_dist": -0.00011097540485335367,
           "initial_qty_pct": 0.01690063517361271,
           "markup_range": 0.0006271647934406141,
           "max_n_entry_orders": 16,
           "min_markup": 0.0016770593676702118,
           "n_close_orders": 11,
           "secondary_allocation": 0.11192973760878203,
           "secondary_pprice_diff": 0.4592386214161249,
           "wallet_exposure_limit": 1}}