{"config_name": "static_grid_ETHUSDT_559days",
 "logging_level": 0,
 "long": {"auto_unstuck_ema_dist": -0.0008086755232054703,
          "auto_unstuck_wallet_exposure_threshold": 0.09750989319075536,
          "backwards_tp": true,
          "ema_span_0": 668.6861914195393,
          "ema_span_1": 1204.9279724761989,
          "enabled": true,
          "eprice_exp_base": 1.1075337464729735,
          "eprice_pprice_diff": 0.006728413923127917,
          "grid_span": 0.1256308461217844,
          "initial_eprice_ema_dist": 0.0017337145211881507,
          "initial_qty_pct": 0.0108019653797939,
          "markup_range": 0.004163052779195803,
          "max_n_entry_orders": 18,
          "min_markup": 0.0014774483095368485,
          "n_close_orders": 12,
          "secondary_allocation": 0.029255270140067277,
          "secondary_pprice_diff": 0.17075607186022854,
          "wallet_exposure_limit": 1.5},
 "short": {"auto_unstuck_ema_dist": -0.09699244776658605,
           "auto_unstuck_wallet_exposure_threshold": 0.04624169033104767,
           "backwards_tp": true,
           "ema_span_0": 1413.5072827283598,
           "ema_span_1": 5,
           "enabled": true,
           "eprice_exp_base": 1.4325055453832172,
           "eprice_pprice_diff": 0.010752054862333637,
           "grid_span": 0.17689476033744575,
           "initial_eprice_ema_dist": -0.008237749379308294,
           "initial_qty_pct": 0.01,
           "markup_range": 0.001813304151439724,
           "max_n_entry_orders": 19,
           "min_markup": 0.001462948540073963,
           "n_close_orders": 8,
           "secondary_allocation": 0.10412449858054076,
           "secondary_pprice_diff": 0.3542886031479085,
           "wallet_exposure_limit": 1.5}}