{"config_name": "static_grid_ETHUSDT_495days",
 "logging_level": 0,
 "long": {"auto_unstuck_ema_dist": 0.0012053091383837432,
          "auto_unstuck_wallet_exposure_threshold": 0.037640870900340774,
          "backwards_tp": true,
          "ema_span_0": 1359.8622848403284,
          "ema_span_1": 981.3411338908913,
          "enabled": true,
          "eprice_exp_base": 1.2151851291371911,
          "eprice_pprice_diff": 0.006813916923232247,
          "grid_span": 0.12024841176122596,
          "initial_eprice_ema_dist": 0.0020126983925254863,
          "initial_qty_pct": 0.016647171019218646,
          "markup_range": 0.003385873953836837,
          "max_n_entry_orders": 21,
          "min_markup": 0.0021715787421498285,
          "n_close_orders": 13,
          "secondary_allocation": 0.03932480320718524,
          "secondary_pprice_diff": 0.14487779348661894,
          "wallet_exposure_limit": 1},
 "short": {"auto_unstuck_ema_dist": -0.015145171960112521,
           "auto_unstuck_wallet_exposure_threshold": 0.05671339807005711,
           "backwards_tp": true,
           "ema_span_0": 1390.5804817402036,
           "ema_span_1": 1353.834633185822,
           "enabled": true,
           "eprice_exp_base": 1.3921319247962474,
           "eprice_pprice_diff": 0.0074447156372509675,
           "grid_span": 0.16045303032317437,
           "initial_eprice_ema_dist": 0.001048235777097444,
           "initial_qty_pct": 0.012411598775955086,
           "markup_range": 0.0014212582999168061,
           "max_n_entry_orders": 12,
           "min_markup": 0.0023361514928605656,
           "n_close_orders": 9,
           "secondary_allocation": 0.12747602237431613,
           "secondary_pprice_diff": 0.21738293046487372,
           "wallet_exposure_limit": 1}}