{"config_name": "static_grid_ETHUSDT_583days",
 "logging_level": 0,
 "long": {"auto_unstuck_ema_dist": -0.07264543396222388,
          "auto_unstuck_wallet_exposure_threshold": 0.0717408508387956,
          "backwards_tp": true,
          "ema_span_0": 1089.05290246991,
          "ema_span_1": 1269.175606105509,
          "enabled": true,
          "eprice_exp_base": 1.197891277400859,
          "eprice_pprice_diff": 0.007762453893929648,
          "grid_span": 0.11353423641130074,
          "initial_eprice_ema_dist": 0.004,
          "initial_qty_pct": 0.017201970134278096,
          "markup_range": 0.0014545331850274513,
          "max_n_entry_orders": 19,
          "min_markup": 0.004475182415879179,
          "n_close_orders": 9,
          "secondary_allocation": 0.09349739092013284,
          "secondary_pprice_diff": 0.4889750601724124,
          "wallet_exposure_limit": 1.5},
 "short": {"auto_unstuck_ema_dist": -0.046779128026973274,
           "auto_unstuck_wallet_exposure_threshold": 0.04611259109230806,
           "backwards_tp": true,
           "ema_span_0": 917.836260694254,
           "ema_span_1": 1253.5729671777178,
           "enabled": true,
           "eprice_exp_base": 1.2201542168392618,
           "eprice_pprice_diff": 0.011021492023038443,
           "grid_span": 0.14653990578283116,
           "initial_eprice_ema_dist": -0.004655718318959365,
           "initial_qty_pct": 0.011480794107196206,
           "markup_range": 0.0010749101666468032,
           "max_n_entry_orders": 14,
           "min_markup": 0.0016600495601802,
           "n_close_orders": 7,
           "secondary_allocation": 0.11015611925438928,
           "secondary_pprice_diff": 0.2169391069468732,
           "wallet_exposure_limit": 1.5}}