{"config_name": "static_grid_ETHUSDT_528days",
 "logging_level": 0,
 "long": {"auto_unstuck_ema_dist": 0.003,
          "auto_unstuck_wallet_exposure_threshold": 0.06130565177702739,
          "backwards_tp": true,
          "ema_span_0": 244.05844229949452,
          "ema_span_1": 713.9743503529038,
          "enabled": true,
          "eprice_exp_base": 1,
          "eprice_pprice_diff": 0.00670094553836455,
          "grid_span": 0.13025021909699028,
          "initial_eprice_ema_dist": 0.00210125687256903,
          "initial_qty_pct": 0.01892656788980457,
          "markup_range": 0.0025436418891919923,
          "max_n_entry_orders": 19,
          "min_markup": 0.0014485023292978593,
          "n_close_orders": 9,
          "secondary_allocation": 0.03006697986125797,
          "secondary_pprice_diff": 0.06479891120248923,
          "wallet_exposure_limit": 1.5},
 "short": {"auto_unstuck_ema_dist": -0.08179219948426823,
           "auto_unstuck_wallet_exposure_threshold": 0.06940568359959776,
           "backwards_tp": true,
           "ema_span_0": 1121.7684604247725,
           "ema_span_1": 703.755059885045,
           "enabled": true,
           "eprice_exp_base": 1.3505896141535207,
           "eprice_pprice_diff": 0.008059716767494484,
           "grid_span": 0.15886911371339696,
           "initial_eprice_ema_dist": -0.0012756144371259203,
           "initial_qty_pct": 0.013299184617774275,
           "markup_range": 0.0013034150972125987,
           "max_n_entry_orders": 20,
           "min_markup": 0.001545463427332148,
           "n_close_orders": 5,
           "secondary_allocation": 0.10387439644253431,
           "secondary_pprice_diff": 0.3514565029883634,
           "wallet_exposure_limit": 1.5}}