{"config_name": "static_grid_ETHUSDT_518days",
 "logging_level": 0,
 "long": {"auto_unstuck_ema_dist": -0.04904652643256846,
          "auto_unstuck_wallet_exposure_threshold": 0.06346965012362528,
          "backwards_tp": true,
          "ema_span_0": 1054.3731833902532,
          "ema_span_1": 1433.000335056953,
          "enabled": true,
          "eprice_exp_base": 1.1824444211847738,
          "eprice_pprice_diff": 0.00647444564000406,
          "grid_span": 0.1184596874863649,
          "initial_eprice_ema_dist": 0.0008060591018275443,
          "initial_qty_pct": 0.016817867637611925,
          "markup_range": 0.0010418732921752714,
          "max_n_entry_orders": 14,
          "min_markup": 0.0027277276669594374,
          "n_close_orders": 11,
          "secondary_allocation": 0.14204541335138032,
          "secondary_pprice_diff": 0.49908997542552486,
          "wallet_exposure_limit": 1.5},
 "short": {"auto_unstuck_ema_dist": -0.020031375769900328,
           "auto_unstuck_wallet_exposure_threshold": 0.06144461868301255,
           "backwards_tp": true,
           "ema_span_0": 596.3044493578925,
           "ema_span_1": 496.99106584135416,
           "enabled": true,
           "eprice_exp_base": 1.018635406972145,
           "eprice_pprice_diff": 0.011574343782028155,
           "grid_span": 0.14446194572909696,
           "initial_eprice_ema_dist": 0.004,
           "initial_qty_pct": 0.014334719133499409,
           "markup_range": 0.0009192105415261129,
           "max_n_entry_orders": 10,
           "min_markup": 0.002720980253856862,
           "n_close_orders": 13,
           "secondary_allocation": 0.0744306559671045,
           "secondary_pprice_diff": 0.13618477703713971,
           "wallet_exposure_limit": 1.5}}