{"config_name": "static_grid_LINKUSDT_426days",
 "logging_level": 0,
 "long": {"auto_unstuck_ema_dist": -0.04234426686775591,
          "auto_unstuck_wallet_exposure_threshold": 0.051680050043404105,
          "backwards_tp": true,
          "ema_span_0": 1440,
          "ema_span_1": 1384.5749862972198,
          "enabled": true,
          "eprice_exp_base": 1.1437816952366842,
          "eprice_pprice_diff": 0.009264365758490097,
          "grid_span": 0.6824500376348996,
          "initial_eprice_ema_dist": 0.0006238161334594372,
          "initial_qty_pct": 0.09114810922484741,
          "markup_range": 0.05518036440799556,
          "max_n_entry_orders": 15,
          "min_markup": 0.009694145432504388,
          "n_close_orders": 7,
          "secondary_allocation": 0.2887920576717525,
          "secondary_pprice_diff": 0.5,
          "wallet_exposure_limit": 1},
 "short": {"auto_unstuck_ema_dist": -0.04687123491403171,
           "auto_unstuck_wallet_exposure_threshold": 0.05391322640798254,
           "backwards_tp": true,
           "ema_span_0": 1017.4677503269155,
           "ema_span_1": 270.29310933628454,
           "enabled": true,
           "eprice_exp_base": 1.3896460581409635,
           "eprice_pprice_diff": 0.024394387483425123,
           "grid_span": 0.35075836716413544,
           "initial_eprice_ema_dist": -0.016698511648852415,
           "initial_qty_pct": 0.013187509153711106,
           "markup_range": 0.006823243179225676,
           "max_n_entry_orders": 16,
           "min_markup": 0.0014246503211643937,
           "n_close_orders": 3,
           "secondary_allocation": 0.2534644173489489,
           "secondary_pprice_diff": 0.3902769059063963,
           "wallet_exposure_limit": 1}}