{"config_name": "static_grid_LTCUSDT_427days",
 "logging_level": 0,
 "long": {"auto_unstuck_ema_dist": -0.06051187820205256,
          "auto_unstuck_wallet_exposure_threshold": 0.04946568990225795,
          "backwards_tp": true,
          "ema_span_0": 113.31839030166297,
          "ema_span_1": 195.84103982935642,
          "enabled": true,
          "eprice_exp_base": 1.3457130657433838,
          "eprice_pprice_diff": 0.01123603011014447,
          "grid_span": 0.14026507160644577,
          "initial_eprice_ema_dist": 0.000177757619997998,
          "initial_qty_pct": 0.015579542807807593,
          "markup_range": 0.004777697116384908,
          "max_n_entry_orders": 12,
          "min_markup": 0.003339074307848572,
          "n_close_orders": 15,
          "secondary_allocation": 0.08624638380485147,
          "secondary_pprice_diff": 0.47425642720303013,
          "wallet_exposure_limit": 1},
 "short": {"auto_unstuck_ema_dist": -0.04094727149316017,
           "auto_unstuck_wallet_exposure_threshold": 0.05371687837312951,
           "backwards_tp": true,
           "ema_span_0": 766.2787016341872,
           "ema_span_1": 1440,
           "enabled": true,
           "eprice_exp_base": 1.371889141446372,
           "eprice_pprice_diff": 0.02636160770951178,
           "grid_span": 0.27202803975260736,
           "initial_eprice_ema_dist": -5.178205601576191e-05,
           "initial_qty_pct": 0.018047581805480505,
           "markup_range": 0.0012586541856004338,
           "max_n_entry_orders": 16,
           "min_markup": 0.004766013126342849,
           "n_close_orders": 12,
           "secondary_allocation": 0.19302885839260142,
           "secondary_pprice_diff": 0.2530780236790325,
           "wallet_exposure_limit": 1}}