{"config_name": "static_grid_MANAUSDT_426days",
 "logging_level": 0,
 "long": {"auto_unstuck_ema_dist": -0.09007655580644403,
          "auto_unstuck_wallet_exposure_threshold": 0.04812404898956246,
          "backwards_tp": true,
          "ema_span_0": 130.88179779337165,
          "ema_span_1": 678.6010923339794,
          "enabled": true,
          "eprice_exp_base": 2.4803531163361217,
          "eprice_pprice_diff": 0.04776628887904164,
          "grid_span": 0.14683827241596875,
          "initial_eprice_ema_dist": 0.003624805620887707,
          "initial_qty_pct": 0.010390731363817395,
          "markup_range": 0.003002478865570359,
          "max_n_entry_orders": 17,
          "min_markup": 0.001142509167254903,
          "n_close_orders": 8,
          "secondary_allocation": 0.0,
          "secondary_pprice_diff": 0.16069734818173054,
          "wallet_exposure_limit": 1},
 "short": {"auto_unstuck_ema_dist": -0.09232749392418022,
           "auto_unstuck_wallet_exposure_threshold": 0.09091192251989684,
           "backwards_tp": true,
           "ema_span_0": 1103.6499108622904,
           "ema_span_1": 545.850690195548,
           "enabled": true,
           "eprice_exp_base": 2.3648791874791404,
           "eprice_pprice_diff": 0.019366882380684788,
           "grid_span": 0.4667300614842399,
           "initial_eprice_ema_dist": -0.0721274719160096,
           "initial_qty_pct": 0.012090958687152112,
           "markup_range": 0.004415810273451361,
           "max_n_entry_orders": 20,
           "min_markup": 0.003492315377851348,
           "n_close_orders": 5,
           "secondary_allocation": 0.3611046704124322,
           "secondary_pprice_diff": 0.1213369268134283,
           "wallet_exposure_limit": 1}}