{"config_name": "static_grid_MATICUSDT_446days",
 "logging_level": 0,
 "long": {"auto_unstuck_ema_dist": 0.003,
          "auto_unstuck_wallet_exposure_threshold": 0.056093402954695545,
          "backwards_tp": true,
          "ema_span_0": 1111.9292750911914,
          "ema_span_1": 1010.5390704182576,
          "enabled": true,
          "eprice_exp_base": 1.0831379544579762,
          "eprice_pprice_diff": 0.022149185283113375,
          "grid_span": 0.18575636649221547,
          "initial_eprice_ema_dist": 0.004,
          "initial_qty_pct": 0.011186648418995568,
          "markup_range": 0.0,
          "max_n_entry_orders": 19,
          "min_markup": 0.006392080397823177,
          "n_close_orders": 13,
          "secondary_allocation": 0.10863575111922687,
          "secondary_pprice_diff": 0.3657055722453522,
          "wallet_exposure_limit": 1},
 "short": {"auto_unstuck_ema_dist": -0.05593470075039267,
           "auto_unstuck_wallet_exposure_threshold": 0.053538885635468846,
           "backwards_tp": true,
           "ema_span_0": 376.34199360505943,
           "ema_span_1": 49.12835375789391,
           "enabled": true,
           "eprice_exp_base": 1.0336606180712145,
           "eprice_pprice_diff": 0.012798972787680758,
           "grid_span": 0.23498076017488242,
           "initial_eprice_ema_dist": -0.003425720073193195,
           "initial_qty_pct": 0.010081629284685993,
           "markup_range": 0.003841922267999169,
           "max_n_entry_orders": 19,
           "min_markup": 0.0032306123596725694,
           "n_close_orders": 12,
           "secondary_allocation": 0.08891333179952714,
           "secondary_pprice_diff": 0.3181850830491743,
           "wallet_exposure_limit": 1}}