{"config_name": "static_grid_MATICUSDT_426days",
 "logging_level": 0,
 "long": {"auto_unstuck_ema_dist": -0.046592401273438895,
          "auto_unstuck_wallet_exposure_threshold": 0.06524693516920366,
          "backwards_tp": true,
          "ema_span_0": 1433.0795397486197,
          "ema_span_1": 301.61078302512453,
          "enabled": true,
          "eprice_exp_base": 1.2760419360472748,
          "eprice_pprice_diff": 0.029224430319381007,
          "grid_span": 0.20116552655471362,
          "initial_eprice_ema_dist": -0.004768486004421436,
          "initial_qty_pct": 0.013868518991323417,
          "markup_range": 0.0006981503050307043,
          "max_n_entry_orders": 22,
          "min_markup": 0.002799536586005296,
          "n_close_orders": 5,
          "secondary_allocation": 0.23158722784847346,
          "secondary_pprice_diff": 0.48452104853419525,
          "wallet_exposure_limit": 1},
 "short": {"auto_unstuck_ema_dist": -0.08236625129754184,
           "auto_unstuck_wallet_exposure_threshold": 0.06894132282764584,
           "backwards_tp": true,
           "ema_span_0": 347.89239025499654,
           "ema_span_1": 168.72993871530542,
           "enabled": true,
           "eprice_exp_base": 1.7424392365954637,
           "eprice_pprice_diff": 0.040392500371868076,
           "grid_span": 0.34603958483757713,
           "initial_eprice_ema_dist": -0.07739205150800631,
           "initial_qty_pct": 0.012109606495504945,
           "markup_range": 0.009485396987162862,
           "max_n_entry_orders": 21,
           "min_markup": 0.0062120491077871905,
           "n_close_orders": 9,
           "secondary_allocation": 0.037642709494783065,
           "secondary_pprice_diff": 0.4029926867169196,
           "wallet_exposure_limit": 1}}