{"config_name": "static_grid_MATICUSDT_428days",
 "logging_level": 0,
 "long": {"auto_unstuck_ema_dist": -0.010740026138954653,
          "auto_unstuck_wallet_exposure_threshold": 0.09452452857552646,
          "backwards_tp": true,
          "ema_span_0": 972.4901581202215,
          "ema_span_1": 190.6355017135464,
          "enabled": true,
          "eprice_exp_base": 1.3052786901922366,
          "eprice_pprice_diff": 0.029384931170802053,
          "grid_span": 0.20971853083872774,
          "initial_eprice_ema_dist": 0.0032118547988657284,
          "initial_qty_pct": 0.011627413457171882,
          "markup_range": 0.0,
          "max_n_entry_orders": 16,
          "min_markup": 0.0033496155178681687,
          "n_close_orders": 15,
          "secondary_allocation": 0.13064678428034057,
          "secondary_pprice_diff": 0.49915180098652623,
          "wallet_exposure_limit": 1},
 "short": {"auto_unstuck_ema_dist": -0.0478078808060615,
           "auto_unstuck_wallet_exposure_threshold": 0.03933999996351998,
           "backwards_tp": true,
           "ema_span_0": 390.5127547887652,
           "ema_span_1": 545.6921108051419,
           "enabled": true,
           "eprice_exp_base": 1.1085727214325805,
           "eprice_pprice_diff": 0.021714545965756057,
           "grid_span": 0.25799718405469907,
           "initial_eprice_ema_dist": -0.012366071187234092,
           "initial_qty_pct": 0.011171420323250693,
           "markup_range": 0.0033511211818369243,
           "max_n_entry_orders": 15,
           "min_markup": 0.005967434565042805,
           "n_close_orders": 15,
           "secondary_allocation": 0.12667134969514654,
           "secondary_pprice_diff": 0.5,
           "wallet_exposure_limit": 1}}