{"config_name": "static_grid_MATICUSDT_496days",
 "logging_level": 0,
 "long": {"auto_unstuck_ema_dist": -0.0007690206955455843,
          "auto_unstuck_wallet_exposure_threshold": 0.03367876842298867,
          "backwards_tp": true,
          "ema_span_0": 920.0591587527749,
          "ema_span_1": 437.8036377734082,
          "enabled": true,
          "eprice_exp_base": 1.3196286447707763,
          "eprice_pprice_diff": 0.006648938425669316,
          "grid_span": 0.20468216496629385,
          "initial_eprice_ema_dist": 0.0007007808604533716,
          "initial_qty_pct": 0.010564753682434851,
          "markup_range": 0.003023626971327342,
          "max_n_entry_orders": 20,
          "min_markup": 0.0024944368074850238,
          "n_close_orders": 15,
          "secondary_allocation": 0.08228529501846583,
          "secondary_pprice_diff": 0.5,
          "wallet_exposure_limit": 1},
 "short": {"auto_unstuck_ema_dist": -0.03812407507940118,
           "auto_unstuck_wallet_exposure_threshold": 0.06543570706152774,
           "backwards_tp": true,
           "ema_span_0": 113.29814958407927,
           "ema_span_1": 810.599739792618,
           "enabled": true,
           "eprice_exp_base": 1.1830623928293804,
           "eprice_pprice_diff": 0.01975857436148856,
           "grid_span": 0.2411669716919041,
           "initial_eprice_ema_dist": -0.012446299126514843,
           "initial_qty_pct": 0.01593668718489597,
           "markup_range": 0.004138998816696369,
           "max_n_entry_orders": 18,
           "min_markup": 0.001952291574568208,
           "n_close_orders": 14,
           "secondary_allocation": 0.12350651811675467,
           "secondary_pprice_diff": 0.40152023216541255,
           "wallet_exposure_limit": 1.0}}