{"config_name": "static_grid_MATICUSDT_508days",
 "logging_level": 0,
 "long": {"auto_unstuck_ema_dist": -0.0664609983835573,
          "auto_unstuck_wallet_exposure_threshold": 0.08368025433890382,
          "backwards_tp": true,
          "ema_span_0": 312.71294935071455,
          "ema_span_1": 132.8040590137865,
          "enabled": true,
          "eprice_exp_base": 1.1511076952828865,
          "eprice_pprice_diff": 0.044403108613498894,
          "grid_span": 0.667305262724469,
          "initial_eprice_ema_dist": -0.019662973403331868,
          "initial_qty_pct": 0.020134609435757424,
          "markup_range": 0.009070328909187294,
          "max_n_entry_orders": 17,
          "min_markup": 0.0011490944574548108,
          "n_close_orders": 14,
          "secondary_allocation": 0.06804986637405341,
          "secondary_pprice_diff": 0.21285788009482637,
          "wallet_exposure_limit": 1.0},
 "short": {"auto_unstuck_ema_dist": -0.1,
           "auto_unstuck_wallet_exposure_threshold": 0.06472679018075501,
           "backwards_tp": true,
           "ema_span_0": 908.6835721281614,
           "ema_span_1": 695.1549558284395,
           "enabled": true,
           "eprice_exp_base": 1.4287290956563914,
           "eprice_pprice_diff": 0.036415338389835676,
           "grid_span": 0.3321199121091518,
           "initial_eprice_ema_dist": -0.028874960266435393,
           "initial_qty_pct": 0.012564077377153355,
           "markup_range": 0.0,
           "max_n_entry_orders": 20,
           "min_markup": 0.004948516950794141,
           "n_close_orders": 14,
           "secondary_allocation": 0.1599804114759285,
           "secondary_pprice_diff": 0.3508409954859487,
           "wallet_exposure_limit": 1}}