{"config_name": "static_grid_MATICUSDT_513days",
 "logging_level": 0,
 "long": {"auto_unstuck_ema_dist": -0.07923864247043362,
          "auto_unstuck_wallet_exposure_threshold": 0.04121649796462623,
          "backwards_tp": true,
          "ema_span_0": 44.02811336363234,
          "ema_span_1": 296.74134642750414,
          "enabled": true,
          "eprice_exp_base": 1.0038123491894406,
          "eprice_pprice_diff": 0.020375985298779674,
          "grid_span": 0.19743577935814685,
          "initial_eprice_ema_dist": -0.0057459870265676866,
          "initial_qty_pct": 0.012569403450373329,
          "markup_range": 0.0026523380031944154,
          "max_n_entry_orders": 19,
          "min_markup": 0.0028658950067484805,
          "n_close_orders": 9,
          "secondary_allocation": 0.09033252847234975,
          "secondary_pprice_diff": 0.5,
          "wallet_exposure_limit": 0.66},
 "short": {"auto_unstuck_ema_dist": -0.09229877839224915,
           "auto_unstuck_wallet_exposure_threshold": 0.09426473508868759,
           "backwards_tp": true,
           "ema_span_0": 291.08090456089985,
           "ema_span_1": 238.90151954446046,
           "enabled": true,
           "eprice_exp_base": 1,
           "eprice_pprice_diff": 0.01573090647289658,
           "grid_span": 0.20978330392358302,
           "initial_eprice_ema_dist": 0.0013379577745305199,
           "initial_qty_pct": 0.012011061403971884,
           "markup_range": 0.0047682241676220045,
           "max_n_entry_orders": 18,
           "min_markup": 0.002721895397180562,
           "n_close_orders": 3,
           "secondary_allocation": 0.15040844105785545,
           "secondary_pprice_diff": 0.2558185648907753,
           "wallet_exposure_limit": 0.66}}
