{"config_name": "static_grid_MATICUSDT_435days",
 "logging_level": 0,
 "long": {"auto_unstuck_ema_dist": -0.02484826178221259,
          "auto_unstuck_wallet_exposure_threshold": 0.035265504120599006,
          "backwards_tp": true,
          "ema_span_0": 748.3676252487252,
          "ema_span_1": 1148.283155417609,
          "enabled": true,
          "eprice_exp_base": 1.3059191463104973,
          "eprice_pprice_diff": 0.014661395769388757,
          "grid_span": 0.1888631539148031,
          "initial_eprice_ema_dist": -0.011698340847098013,
          "initial_qty_pct": 0.011943645939918115,
          "markup_range": 0.0025846065573356556,
          "max_n_entry_orders": 22,
          "min_markup": 0.004528569949091094,
          "n_close_orders": 13,
          "secondary_allocation": 0.11153195121569127,
          "secondary_pprice_diff": 0.35216309015595487,
          "wallet_exposure_limit": 1.0},
 "short": {"auto_unstuck_ema_dist": -0.006108215790864388,
           "auto_unstuck_wallet_exposure_threshold": 0.08863376639005074,
           "backwards_tp": true,
           "ema_span_0": 179.38048000106278,
           "ema_span_1": 248.4108803195518,
           "enabled": true,
           "eprice_exp_base": 1.1603290877469385,
           "eprice_pprice_diff": 0.018763600224621153,
           "grid_span": 0.2326387899358855,
           "initial_eprice_ema_dist": -0.005865424638144696,
           "initial_qty_pct": 0.011749675256631963,
           "markup_range": 0.004043413360773513,
           "max_n_entry_orders": 14,
           "min_markup": 0.004375294009011159,
           "n_close_orders": 12,
           "secondary_allocation": 0.10812473447066558,
           "secondary_pprice_diff": 0.2827769677532512,
           "wallet_exposure_limit": 1}}