{"config_name": "static_grid_MATICUSDT_433days",
 "logging_level": 0,
 "long": {"auto_unstuck_ema_dist": -0.04182978662030362,
          "auto_unstuck_wallet_exposure_threshold": 0.08523037735285682,
          "backwards_tp": true,
          "ema_span_0": 353.5674076202962,
          "ema_span_1": 1340.0485040103863,
          "enabled": true,
          "eprice_exp_base": 1.2995505145584643,
          "eprice_pprice_diff": 0.020151516620829486,
          "grid_span": 0.15912433983860572,
          "initial_eprice_ema_dist": -0.0014743117902404747,
          "initial_qty_pct": 0.01,
          "markup_range": 0.0029928606556770447,
          "max_n_entry_orders": 19,
          "min_markup": 0.003157771924579219,
          "n_close_orders": 15,
          "secondary_allocation": 0.3313659523127671,
          "secondary_pprice_diff": 0.2391667451900125,
          "wallet_exposure_limit": 1},
 "short": {"auto_unstuck_ema_dist": -0.06965494378210489,
           "auto_unstuck_wallet_exposure_threshold": 0.044739494378984564,
           "backwards_tp": true,
           "ema_span_0": 86.55837595448759,
           "ema_span_1": 157.07779766245625,
           "enabled": true,
           "eprice_exp_base": 1.9609964587932167,
           "eprice_pprice_diff": 0.009199679695892865,
           "grid_span": 0.10737855927174943,
           "initial_eprice_ema_dist": 0.0016341689985151957,
           "initial_qty_pct": 0.01326387222620547,
           "markup_range": 0.002842412868755217,
           "max_n_entry_orders": 21,
           "min_markup": 0.002275754141126781,
           "n_close_orders": 12,
           "secondary_allocation": 0.11504808246059818,
           "secondary_pprice_diff": 0.44461085883465934,
           "wallet_exposure_limit": 1}}