{"config_name": "static_grid_MATICUSDT_471days",
 "logging_level": 0,
 "long": {"auto_unstuck_ema_dist": -0.0879932989751105,
          "auto_unstuck_wallet_exposure_threshold": 0.07744409310804819,
          "backwards_tp": true,
          "ema_span_0": 1081.5497657372682,
          "ema_span_1": 1351.392297123645,
          "enabled": true,
          "eprice_exp_base": 1.1500189928108062,
          "eprice_pprice_diff": 0.026168774706608094,
          "grid_span": 0.161124389393909,
          "initial_eprice_ema_dist": 0.004,
          "initial_qty_pct": 0.011012236373467115,
          "markup_range": 0.0028668085214861973,
          "max_n_entry_orders": 21,
          "min_markup": 0.0012992642967388553,
          "n_close_orders": 7,
          "secondary_allocation": 0.10062523657879073,
          "secondary_pprice_diff": 0.2871701041591182,
          "wallet_exposure_limit": 1},
 "short": {"auto_unstuck_ema_dist": -0.009716698900769035,
           "auto_unstuck_wallet_exposure_threshold": 0.057642728496044765,
           "backwards_tp": true,
           "ema_span_0": 902.0769834618948,
           "ema_span_1": 645.4782867103286,
           "enabled": true,
           "eprice_exp_base": 1.195136160730286,
           "eprice_pprice_diff": 0.01221073940253914,
           "grid_span": 0.24571636917478692,
           "initial_eprice_ema_dist": -0.001049169107273007,
           "initial_qty_pct": 0.017315565821135352,
           "markup_range": 0.001056281279927267,
           "max_n_entry_orders": 21,
           "min_markup": 0.0016215654420766385,
           "n_close_orders": 3,
           "secondary_allocation": 0.14262460299759758,
           "secondary_pprice_diff": 0.37144369621130907,
           "wallet_exposure_limit": 1}}