{"config_name": "static_grid_MATICUSDT_452days",
 "logging_level": 0,
 "long": {"auto_unstuck_ema_dist": -0.08949251648534143,
          "auto_unstuck_wallet_exposure_threshold": 0.05531009080188042,
          "backwards_tp": true,
          "ema_span_0": 1156.372089869966,
          "ema_span_1": 1193.443185790372,
          "enabled": true,
          "eprice_exp_base": 1.1309630417114138,
          "eprice_pprice_diff": 0.02412632185651235,
          "grid_span": 0.16025527840377676,
          "initial_eprice_ema_dist": 0.004,
          "initial_qty_pct": 0.01614824997736317,
          "markup_range": 0.0018920035502118572,
          "max_n_entry_orders": 15,
          "min_markup": 0.002071732689544638,
          "n_close_orders": 13,
          "secondary_allocation": 0.06820606304149679,
          "secondary_pprice_diff": 0.4068792474877987,
          "wallet_exposure_limit": 1},
 "short": {"auto_unstuck_ema_dist": -0.004474198596684688,
           "auto_unstuck_wallet_exposure_threshold": 0.04534779050586839,
           "backwards_tp": true,
           "ema_span_0": 42.0227590319507,
           "ema_span_1": 126.19141826901091,
           "enabled": true,
           "eprice_exp_base": 1.1430931579739938,
           "eprice_pprice_diff": 0.022756056278477786,
           "grid_span": 0.2704335892644238,
           "initial_eprice_ema_dist": -0.05400862737793673,
           "initial_qty_pct": 0.01,
           "markup_range": 0.0027959029147786377,
           "max_n_entry_orders": 19,
           "min_markup": 0.0037369468348055087,
           "n_close_orders": 15,
           "secondary_allocation": 0.0854984743072758,
           "secondary_pprice_diff": 0.3897313175324638,
           "wallet_exposure_limit": 1}}