{"config_name": "static_grid_UNIUSDT_428days",
 "logging_level": 0,
 "long": {"auto_unstuck_ema_dist": -0.052293578155393435,
          "auto_unstuck_wallet_exposure_threshold": 0.030958933956909247,
          "backwards_tp": true,
          "ema_span_0": 1222.7237693414843,
          "ema_span_1": 524.8214764816465,
          "enabled": true,
          "eprice_exp_base": 3.2308686315788053,
          "eprice_pprice_diff": 0.015203318028258455,
          "grid_span": 0.6441762285827903,
          "initial_eprice_ema_dist": 0.00045782501767430194,
          "initial_qty_pct": 0.01,
          "markup_range": 0.010493760000359658,
          "max_n_entry_orders": 13,
          "min_markup": 0.009122206618266399,
          "n_close_orders": 3,
          "secondary_allocation": 0.026863752143366122,
          "secondary_pprice_diff": 0.25466262137085727,
          "wallet_exposure_limit": 1},
 "short": {"auto_unstuck_ema_dist": -0.07639737390637796,
           "auto_unstuck_wallet_exposure_threshold": 0.04146411704181642,
           "backwards_tp": true,
           "ema_span_0": 1365.4418186432854,
           "ema_span_1": 1036.04921914105,
           "enabled": true,
           "eprice_exp_base": 1.1532909445184178,
           "eprice_pprice_diff": 0.020829703916393758,
           "grid_span": 0.1736500557828357,
           "initial_eprice_ema_dist": -0.0021931067058152914,
           "initial_qty_pct": 0.0122214624510079,
           "markup_range": 0.007026065557521636,
           "max_n_entry_orders": 12,
           "min_markup": 0.0015783621661513807,
           "n_close_orders": 6,
           "secondary_allocation": 0.12201021623963546,
           "secondary_pprice_diff": 0.4546087458373392,
           "wallet_exposure_limit": 1.0}}