{"config_name": "static_grid_UNIUSDT_425days",
 "logging_level": 0,
 "long": {"auto_unstuck_ema_dist": -0.05668511254826269,
          "auto_unstuck_wallet_exposure_threshold": 0.051643608379033625,
          "backwards_tp": true,
          "ema_span_0": 1078.312120336613,
          "ema_span_1": 251.65668507834377,
          "enabled": true,
          "eprice_exp_base": 1.0352140426805279,
          "eprice_pprice_diff": 0.02413979051407658,
          "grid_span": 0.15757710636001676,
          "initial_eprice_ema_dist": 0.0008612258730200193,
          "initial_qty_pct": 0.02978910931335493,
          "markup_range": 0.0027908837280044272,
          "max_n_entry_orders": 20,
          "min_markup": 0.0013967883746623863,
          "n_close_orders": 6,
          "secondary_allocation": 0.5120219595755126,
          "secondary_pprice_diff": 0.4468919109345636,
          "wallet_exposure_limit": 1},
 "short": {"auto_unstuck_ema_dist": -0.03673605699213771,
           "auto_unstuck_wallet_exposure_threshold": 0.034608621163716394,
           "backwards_tp": true,
           "ema_span_0": 1218.8867946484847,
           "ema_span_1": 1384.6015742447298,
           "enabled": true,
           "eprice_exp_base": 1.4878554607275585,
           "eprice_pprice_diff": 0.024839327482054877,
           "grid_span": 0.2922380779583637,
           "initial_eprice_ema_dist": 0.0015762530819297825,
           "initial_qty_pct": 0.01272456085929026,
           "markup_range": 0.003567310402572693,
           "max_n_entry_orders": 21,
           "min_markup": 0.0017733314667754906,
           "n_close_orders": 4,
           "secondary_allocation": 0.41080093524422356,
           "secondary_pprice_diff": 0.4450882946880062,
           "wallet_exposure_limit": 1}}