{"config_name": "static_grid_UNIUSDT_432days",
 "logging_level": 0,
 "long": {"auto_unstuck_ema_dist": -0.06866021653815749,
          "auto_unstuck_wallet_exposure_threshold": 0.053541283353413835,
          "backwards_tp": true,
          "ema_span_0": 1436.3692921407348,
          "ema_span_1": 494.6515557736568,
          "enabled": true,
          "eprice_exp_base": 3.2636262370526157,
          "eprice_pprice_diff": 0.02016750799461279,
          "grid_span": 0.6360192849614876,
          "initial_eprice_ema_dist": 0.004,
          "initial_qty_pct": 0.01,
          "markup_range": 0.01182572061956506,
          "max_n_entry_orders": 17,
          "min_markup": 0.007757664027782442,
          "n_close_orders": 6,
          "secondary_allocation": 0.033202815043319046,
          "secondary_pprice_diff": 0.4395872633389559,
          "wallet_exposure_limit": 1},
 "short": {"auto_unstuck_ema_dist": -0.022135789374984307,
           "auto_unstuck_wallet_exposure_threshold": 0.040492112628748446,
           "backwards_tp": true,
           "ema_span_0": 710.3878655574732,
           "ema_span_1": 1214.9328019294844,
           "enabled": true,
           "eprice_exp_base": 1.0436097217469944,
           "eprice_pprice_diff": 0.027173325994240716,
           "grid_span": 0.17032420562482822,
           "initial_eprice_ema_dist": 0.004,
           "initial_qty_pct": 0.016576270634824516,
           "markup_range": 0.002002669146206441,
           "max_n_entry_orders": 19,
           "min_markup": 0.008715542101583741,
           "n_close_orders": 13,
           "secondary_allocation": 0.0947219078695249,
           "secondary_pprice_diff": 0.2117240351157174,
           "wallet_exposure_limit": 1}}