{"config_name": "static_grid_XMRUSDT_425days",
 "logging_level": 0,
 "long": {"auto_unstuck_ema_dist": -0.0667701427264133,
          "auto_unstuck_wallet_exposure_threshold": 0.03884460721901728,
          "backwards_tp": true,
          "ema_span_0": 804.3926998052885,
          "ema_span_1": 1153.6522642765992,
          "enabled": true,
          "eprice_exp_base": 1.1057566551337383,
          "eprice_pprice_diff": 0.017270674721197123,
          "grid_span": 0.15904314562235197,
          "initial_eprice_ema_dist": 0.0014347590998160299,
          "initial_qty_pct": 0.01095776710321749,
          "markup_range": 0.003033449196310234,
          "max_n_entry_orders": 14,
          "min_markup": 0.0011655520252593426,
          "n_close_orders": 15,
          "secondary_allocation": 0.33265208520250783,
          "secondary_pprice_diff": 0.08040345439906052,
          "wallet_exposure_limit": 1},
 "short": {"auto_unstuck_ema_dist": -0.059009220884465904,
           "auto_unstuck_wallet_exposure_threshold": 0.1,
           "backwards_tp": true,
           "ema_span_0": 893.6479040660653,
           "ema_span_1": 1179.6285587942969,
           "enabled": true,
           "eprice_exp_base": 1.1361235785550021,
           "eprice_pprice_diff": 0.01397026938878376,
           "grid_span": 0.3428066405015423,
           "initial_eprice_ema_dist": 0.0030549656601777135,
           "initial_qty_pct": 0.013572290416067525,
           "markup_range": 0.003050088380500242,
           "max_n_entry_orders": 15,
           "min_markup": 0.005880842371091867,
           "n_close_orders": 6,
           "secondary_allocation": 0.08537770045337166,
           "secondary_pprice_diff": 0.36885955256647374,
           "wallet_exposure_limit": 1}}