{"config_name": "static_grid_XMRUSDT_428days",
 "logging_level": 0,
 "long": {"auto_unstuck_ema_dist": 0.0006964504273442893,
          "auto_unstuck_wallet_exposure_threshold": 0.09093677626530465,
          "backwards_tp": true,
          "ema_span_0": 1440,
          "ema_span_1": 49.49245249970632,
          "enabled": true,
          "eprice_exp_base": 1,
          "eprice_pprice_diff": 0.013001222486942911,
          "grid_span": 0.22050104518516714,
          "initial_eprice_ema_dist": 0.004,
          "initial_qty_pct": 0.031755793696150385,
          "markup_range": 0.0,
          "max_n_entry_orders": 20,
          "min_markup": 0.0013308674028045962,
          "n_close_orders": 15,
          "secondary_allocation": 0.05636028436661806,
          "secondary_pprice_diff": 0.22408499117837624,
          "wallet_exposure_limit": 1},
 "short": {"auto_unstuck_ema_dist": -0.05126146392197933,
           "auto_unstuck_wallet_exposure_threshold": 0.08692879884156376,
           "backwards_tp": true,
           "ema_span_0": 1135.577017797706,
           "ema_span_1": 860.3781721312812,
           "enabled": true,
           "eprice_exp_base": 1.0970863316141224,
           "eprice_pprice_diff": 0.006039402984181818,
           "grid_span": 0.17094758005751992,
           "initial_eprice_ema_dist": 0.004,
           "initial_qty_pct": 0.025910830061036925,
           "markup_range": 0.00016080013239161656,
           "max_n_entry_orders": 15,
           "min_markup": 0.002484603835932288,
           "n_close_orders": 11,
           "secondary_allocation": 0.1615593623101185,
           "secondary_pprice_diff": 0.22915220190727448,
           "wallet_exposure_limit": 1.0}}