{"config_name": "static_grid_XMRUSDT_432days",
 "logging_level": 0,
 "long": {"auto_unstuck_ema_dist": -0.02747933643451085,
          "auto_unstuck_wallet_exposure_threshold": 0.05970971353436797,
          "backwards_tp": true,
          "ema_span_0": 5,
          "ema_span_1": 232.7414257230275,
          "enabled": true,
          "eprice_exp_base": 1.2374728073045984,
          "eprice_pprice_diff": 0.002819900915420119,
          "grid_span": 0.6102078181377426,
          "initial_eprice_ema_dist": 0.003993984305543878,
          "initial_qty_pct": 0.07585677849437628,
          "markup_range": 0.0,
          "max_n_entry_orders": 14,
          "min_markup": 0.0023343120829123253,
          "n_close_orders": 6,
          "secondary_allocation": 0.3316660527589216,
          "secondary_pprice_diff": 0.3445180229304725,
          "wallet_exposure_limit": 1},
 "short": {"auto_unstuck_ema_dist": 0.00031064353306145694,
           "auto_unstuck_wallet_exposure_threshold": 0.0329764179604354,
           "backwards_tp": true,
           "ema_span_0": 249.55964274080557,
           "ema_span_1": 453.8379348315084,
           "enabled": true,
           "eprice_exp_base": 1.060996000312201,
           "eprice_pprice_diff": 0.003946349752944986,
           "grid_span": 0.16604758115091764,
           "initial_eprice_ema_dist": 0.0018328429311990258,
           "initial_qty_pct": 0.03152705990497609,
           "markup_range": 0.0,
           "max_n_entry_orders": 13,
           "min_markup": 0.00249360309746832,
           "n_close_orders": 14,
           "secondary_allocation": 0.04306780236020284,
           "secondary_pprice_diff": 0.12398122024959213,
           "wallet_exposure_limit": 1}}