{"config_name": "static_grid_XRPUSDT_426days",
 "logging_level": 0,
 "long": {"auto_unstuck_ema_dist": -0.06251572726370037,
          "auto_unstuck_wallet_exposure_threshold": 0.05662030852514236,
          "backwards_tp": true,
          "ema_span_0": 482.13657270933476,
          "ema_span_1": 106.00853468225218,
          "enabled": true,
          "eprice_exp_base": 1.0291963192550244,
          "eprice_pprice_diff": 0.014551099221488756,
          "grid_span": 0.25989911558173084,
          "initial_eprice_ema_dist": -0.014235904421674188,
          "initial_qty_pct": 0.01,
          "markup_range": 0.0027294608323652075,
          "max_n_entry_orders": 18,
          "min_markup": 0.004158118491406787,
          "n_close_orders": 13,
          "secondary_allocation": 0.2707291844345239,
          "secondary_pprice_diff": 0.3606491387586082,
          "wallet_exposure_limit": 1},
 "short": {"auto_unstuck_ema_dist": 0.0010993628015333332,
           "auto_unstuck_wallet_exposure_threshold": 0.034628601202713674,
           "backwards_tp": true,
           "ema_span_0": 484.9370717647122,
           "ema_span_1": 8.91285969724876,
           "enabled": true,
           "eprice_exp_base": 1.3865453704442259,
           "eprice_pprice_diff": 0.02116523488834142,
           "grid_span": 0.19010580969395538,
           "initial_eprice_ema_dist": -0.008903733733865394,
           "initial_qty_pct": 0.016127744228032162,
           "markup_range": 0.0,
           "max_n_entry_orders": 11,
           "min_markup": 0.0056696112069806555,
           "n_close_orders": 12,
           "secondary_allocation": 0.43699155752981084,
           "secondary_pprice_diff": 0.3773105066544718,
           "wallet_exposure_limit": 1}}