{"config_name": "static_grid_XRPUSDT_430days",
 "logging_level": 0,
 "long": {"auto_unstuck_ema_dist": -0.0027198635355056666,
          "auto_unstuck_wallet_exposure_threshold": 0.08964089133071797,
          "backwards_tp": true,
          "ema_span_0": 1170.155486602383,
          "ema_span_1": 1187.4190079734453,
          "enabled": true,
          "eprice_exp_base": 1.0396733669318095,
          "eprice_pprice_diff": 0.015025987229701101,
          "grid_span": 0.11885670472236176,
          "initial_eprice_ema_dist": 0.0013653754270394076,
          "initial_qty_pct": 0.02692820172871166,
          "markup_range": 0.007783718423295677,
          "max_n_entry_orders": 18,
          "min_markup": 0.006741043328834196,
          "n_close_orders": 5,
          "secondary_allocation": 0.2066466779903795,
          "secondary_pprice_diff": 0.0507278062890331,
          "wallet_exposure_limit": 1},
 "short": {"auto_unstuck_ema_dist": 4.14602358062479e-05,
           "auto_unstuck_wallet_exposure_threshold": 0.05933101626904038,
           "backwards_tp": true,
           "ema_span_0": 480.4056866622069,
           "ema_span_1": 1040.6034449623655,
           "enabled": true,
           "eprice_exp_base": 1.275511497184185,
           "eprice_pprice_diff": 0.019476672613033548,
           "grid_span": 0.17377282125825663,
           "initial_eprice_ema_dist": 0.0035882213319061006,
           "initial_qty_pct": 0.018576130900234338,
           "markup_range": 0.002706062654194048,
           "max_n_entry_orders": 20,
           "min_markup": 0.004934683749822055,
           "n_close_orders": 9,
           "secondary_allocation": 0.09170929714356776,
           "secondary_pprice_diff": 0.21383911101447356,
           "wallet_exposure_limit": 1}}