{"config_name": "static_grid_XRPUSDT_427days",
 "logging_level": 0,
 "long": {"auto_unstuck_ema_dist": -0.01816576101292857,
          "auto_unstuck_wallet_exposure_threshold": 0.05890740577519039,
          "backwards_tp": true,
          "ema_span_0": 130.36847540571117,
          "ema_span_1": 286.3277278245826,
          "enabled": true,
          "eprice_exp_base": 1.054484028050671,
          "eprice_pprice_diff": 0.017757828156895507,
          "grid_span": 0.14877015771138902,
          "initial_eprice_ema_dist": 0.004,
          "initial_qty_pct": 0.03002855346289249,
          "markup_range": 0.0022566500376371653,
          "max_n_entry_orders": 17,
          "min_markup": 0.0075709331603209815,
          "n_close_orders": 4,
          "secondary_allocation": 0.09156306555235594,
          "secondary_pprice_diff": 0.25006439168137035,
          "wallet_exposure_limit": 1},
 "short": {"auto_unstuck_ema_dist": -0.04979417554996268,
           "auto_unstuck_wallet_exposure_threshold": 0.04967137114817791,
           "backwards_tp": true,
           "ema_span_0": 675.1733500716257,
           "ema_span_1": 1051.183893673598,
           "enabled": true,
           "eprice_exp_base": 1.332020139399068,
           "eprice_pprice_diff": 0.03592849573534509,
           "grid_span": 0.2799030738901868,
           "initial_eprice_ema_dist": 0.0031000251766327286,
           "initial_qty_pct": 0.014767693436509164,
           "markup_range": 0.0,
           "max_n_entry_orders": 21,
           "min_markup": 0.00607297612068935,
           "n_close_orders": 6,
           "secondary_allocation": 0.0783927829674053,
           "secondary_pprice_diff": 0.3045916232047827,
           "wallet_exposure_limit": 1}}