{"config_name": "static_grid_XRPUSDT_436days",
 "logging_level": 0,
 "long": {"auto_unstuck_ema_dist": -0.00957309809919594,
          "auto_unstuck_wallet_exposure_threshold": 0.08676276318430698,
          "backwards_tp": true,
          "ema_span_0": 1165.0566350460265,
          "ema_span_1": 967.9782640410588,
          "enabled": true,
          "eprice_exp_base": 1.057416037299306,
          "eprice_pprice_diff": 0.007651246339517362,
          "grid_span": 0.12421911184125836,
          "initial_eprice_ema_dist": 0.002665909937374591,
          "initial_qty_pct": 0.019551998782607816,
          "markup_range": 0.003693088948234389,
          "max_n_entry_orders": 20,
          "min_markup": 0.005490821087216916,
          "n_close_orders": 5,
          "secondary_allocation": 0.07435555411047384,
          "secondary_pprice_diff": 0.4222295979542761,
          "wallet_exposure_limit": 1},
 "short": {"auto_unstuck_ema_dist": -0.09297314000536541,
           "auto_unstuck_wallet_exposure_threshold": 0.06754865800408584,
           "backwards_tp": true,
           "ema_span_0": 586.8419137480535,
           "ema_span_1": 1340.8640349313023,
           "enabled": true,
           "eprice_exp_base": 2.084125516311613,
           "eprice_pprice_diff": 0.01260482357486141,
           "grid_span": 0.16425618200202213,
           "initial_eprice_ema_dist": 0.003750143524105687,
           "initial_qty_pct": 0.0167476442709447,
           "markup_range": 0.00722918291859664,
           "max_n_entry_orders": 12,
           "min_markup": 0.0023642475288048435,
           "n_close_orders": 11,
           "secondary_allocation": 0.09851974011206968,
           "secondary_pprice_diff": 0.4139993246727455,
           "wallet_exposure_limit": 1}}