{"config_name": "static_grid_BTCUSDT_431days",
 "logging_level": 0,
 "long": {"auto_unstuck_ema_dist": -0.006001673132929413,
          "auto_unstuck_wallet_exposure_threshold": 0.05887038065683785,
          "backwards_tp": true,
          "ema_span_0": 739.7861349680032,
          "ema_span_1": 319.6455654866193,
          "enabled": true,
          "eprice_exp_base": 1.2400741845175958,
          "eprice_pprice_diff": 0.013169313353158118,
          "grid_span": 0.12764541552301206,
          "initial_eprice_ema_dist": -0.0792815008761656,
          "initial_qty_pct": 0.011410191297946803,
          "markup_range": 0.0015789807536543898,
          "max_n_entry_orders": 20,
          "min_markup": 0.002952231566054878,
          "n_close_orders": 6,
          "secondary_allocation": 0.10985862089758477,
          "secondary_pprice_diff": 0.2662090747505905,
          "wallet_exposure_limit": 1},
 "short": {"auto_unstuck_ema_dist": -0.03172497305659151,
           "auto_unstuck_wallet_exposure_threshold": 0.0959563142201177,
           "backwards_tp": true,
           "ema_span_0": 1249.898329819576,
           "ema_span_1": 632.389687277266,
           "enabled": true,
           "eprice_exp_base": 2.7062514522878187,
           "eprice_pprice_diff": 0.010248162988802533,
           "grid_span": 0.28343804371517756,
           "initial_eprice_ema_dist": 0.0036174681143290033,
           "initial_qty_pct": 0.013644625254771635,
           "markup_range": 0.0010423855279675753,
           "max_n_entry_orders": 8,
           "min_markup": 0.001,
           "n_close_orders": 10,
           "secondary_allocation": 0.17825264912111344,
           "secondary_pprice_diff": 0.44621674918865445,
           "wallet_exposure_limit": 1}}