{"config_name": "static_grid_BTCUSDT_515days",
 "logging_level": 0,
 "long": {"auto_unstuck_ema_dist": -0.09515966120529971,
          "auto_unstuck_wallet_exposure_threshold": 0.05261700949539157,
          "backwards_tp": true,
          "ema_span_0": 727.59852463232,
          "ema_span_1": 575.2468196366244,
          "enabled": true,
          "eprice_exp_base": 1.1147036472158889,
          "eprice_pprice_diff": 0.007092516779680208,
          "grid_span": 0.13210932053226912,
          "initial_eprice_ema_dist": 0.002986607559821262,
          "initial_qty_pct": 0.012431031212455338,
          "markup_range": 0.002369646072747814,
          "max_n_entry_orders": 21,
          "min_markup": 0.0011544210392134557,
          "n_close_orders": 6,
          "secondary_allocation": 0.12031993656589074,
          "secondary_pprice_diff": 0.4963765540504408,
          "wallet_exposure_limit": 2},
 "short": {"auto_unstuck_ema_dist": -0.008375002797309239,
           "auto_unstuck_wallet_exposure_threshold": 0.08727113703230312,
           "backwards_tp": true,
           "ema_span_0": 1069.4761726694244,
           "ema_span_1": 323.2334890477381,
           "enabled": true,
           "eprice_exp_base": 1.7553780042025233,
           "eprice_pprice_diff": 0.03165407645731626,
           "grid_span": 0.43118575788137875,
           "initial_eprice_ema_dist": 0.0033076725846768427,
           "initial_qty_pct": 0.01,
           "markup_range": 0.0031545199320359434,
           "max_n_entry_orders": 20,
           "min_markup": 0.004080455609388939,
           "n_close_orders": 5,
           "secondary_allocation": 0.11291900434942882,
           "secondary_pprice_diff": 0.13970155743741752,
           "wallet_exposure_limit": 2}}