{"config_name": "static_grid_BTCUSDT_444days",
 "logging_level": 0,
 "long": {"auto_unstuck_ema_dist": -0.019437077298204514,
          "auto_unstuck_wallet_exposure_threshold": 0.07574347272424055,
          "backwards_tp": true,
          "ema_span_0": 940.2401284313671,
          "ema_span_1": 1232.6766333014612,
          "enabled": true,
          "eprice_exp_base": 1.2251872615405346,
          "eprice_pprice_diff": 0.002,
          "grid_span": 0.6682345345125422,
          "initial_eprice_ema_dist": -0.015094032999551671,
          "initial_qty_pct": 0.07380716630733072,
          "markup_range": 0.033062508278561394,
          "max_n_entry_orders": 21,
          "min_markup": 0.008899403860038973,
          "n_close_orders": 12,
          "secondary_allocation": 0.39997282122367633,
          "secondary_pprice_diff": 0.3570768049319941,
          "wallet_exposure_limit": 1},
 "short": {"auto_unstuck_ema_dist": -0.04057279854932136,
           "auto_unstuck_wallet_exposure_threshold": 0.030531401763283273,
           "backwards_tp": true,
           "ema_span_0": 877.5176768384918,
           "ema_span_1": 279.8145782750048,
           "enabled": true,
           "eprice_exp_base": 1.730097327104335,
           "eprice_pprice_diff": 0.033267611755156516,
           "grid_span": 0.4271070030968606,
           "initial_eprice_ema_dist": -0.03301257141386182,
           "initial_qty_pct": 0.01,
           "markup_range": 0.0,
           "max_n_entry_orders": 18,
           "min_markup": 0.0016611295409676222,
           "n_close_orders": 8,
           "secondary_allocation": 0.08261403404839598,
           "secondary_pprice_diff": 0.36634246037225604,
           "wallet_exposure_limit": 1.0}}