{"config_name": "static_grid_BTCUSDT_427days",
 "logging_level": 0,
 "long": {"auto_unstuck_ema_dist": -0.05241057191931119,
          "auto_unstuck_wallet_exposure_threshold": 0.06688805426963801,
          "backwards_tp": true,
          "ema_span_0": 1440,
          "ema_span_1": 1157.0505591954766,
          "enabled": true,
          "eprice_exp_base": 1.4845441635473229,
          "eprice_pprice_diff": 0.002,
          "grid_span": 0.6572897205206758,
          "initial_eprice_ema_dist": -0.0033944046478997206,
          "initial_qty_pct": 0.06786292732488083,
          "markup_range": 0.01869908609984342,
          "max_n_entry_orders": 16,
          "min_markup": 0.00912709186177478,
          "n_close_orders": 7,
          "secondary_allocation": 0.10299829545668301,
          "secondary_pprice_diff": 0.304615921302474,
          "wallet_exposure_limit": 1},
 "short": {"auto_unstuck_ema_dist": -0.05483660067589401,
           "auto_unstuck_wallet_exposure_threshold": 0.09084748275781064,
           "backwards_tp": true,
           "ema_span_0": 1168.0507756623012,
           "ema_span_1": 639.9478771803003,
           "enabled": true,
           "eprice_exp_base": 1.602921370427431,
           "eprice_pprice_diff": 0.026375673897895163,
           "grid_span": 0.2789581614056576,
           "initial_eprice_ema_dist": -0.0014046802339188977,
           "initial_qty_pct": 0.010056781973906664,
           "markup_range": 0.0,
           "max_n_entry_orders": 18,
           "min_markup": 0.00201525114978588,
           "n_close_orders": 12,
           "secondary_allocation": 0.265285879262452,
           "secondary_pprice_diff": 0.30363244725303384,
           "wallet_exposure_limit": 1}}