{"config_name": "static_grid_BTCUSDT_514days",
 "logging_level": 0,
 "long": {"auto_unstuck_ema_dist": 0.0006734998755234295,
          "auto_unstuck_wallet_exposure_threshold": 0.031465257437791085,
          "backwards_tp": true,
          "ema_span_0": 39.60652950169193,
          "ema_span_1": 821.3918527103207,
          "enabled": true,
          "eprice_exp_base": 1.1539387797905571,
          "eprice_pprice_diff": 0.009886033268821695,
          "grid_span": 0.13402561393300197,
          "initial_eprice_ema_dist": -0.08390116673042303,
          "initial_qty_pct": 0.01,
          "markup_range": 0.0006054833132829394,
          "max_n_entry_orders": 19,
          "min_markup": 0.001269841675725001,
          "n_close_orders": 2,
          "secondary_allocation": 0.0895851786484623,
          "secondary_pprice_diff": 0.20032354837407024,
          "wallet_exposure_limit": 2},
 "short": {"auto_unstuck_ema_dist": -0.054570996290610886,
           "auto_unstuck_wallet_exposure_threshold": 0.03149991880361495,
           "backwards_tp": true,
           "ema_span_0": 870.3934914670492,
           "ema_span_1": 1392.5759854594583,
           "enabled": true,
           "eprice_exp_base": 1.745881758413861,
           "eprice_pprice_diff": 0.032141669522307036,
           "grid_span": 0.44196241547761067,
           "initial_eprice_ema_dist": -0.0033019569006902255,
           "initial_qty_pct": 0.01,
           "markup_range": 0.004970860529815234,
           "max_n_entry_orders": 15,
           "min_markup": 0.002231497989396751,
           "n_close_orders": 7,
           "secondary_allocation": 0.1082492427409867,
           "secondary_pprice_diff": 0.1400316140914401,
           "wallet_exposure_limit": 2}}
