{"config_name": "static_grid_BTCUSDT_471days",
 "logging_level": 0,
 "long": {"auto_unstuck_ema_dist": -0.08897223133281836,
          "auto_unstuck_wallet_exposure_threshold": 0.04627138328488181,
          "backwards_tp": true,
          "ema_span_0": 639.8389752125397,
          "ema_span_1": 407.06797286664937,
          "enabled": true,
          "eprice_exp_base": 1.1834842113148942,
          "eprice_pprice_diff": 0.005329981820127083,
          "grid_span": 0.13202776781544695,
          "initial_eprice_ema_dist": 0.0033331708019645394,
          "initial_qty_pct": 0.01877686586017761,
          "markup_range": 0.0016148156882529708,
          "max_n_entry_orders": 17,
          "min_markup": 0.001960057754628347,
          "n_close_orders": 13,
          "secondary_allocation": 0.12069435163528314,
          "secondary_pprice_diff": 0.12834031474712343,
          "wallet_exposure_limit": 1},
 "short": {"auto_unstuck_ema_dist": -0.0884167493947562,
           "auto_unstuck_wallet_exposure_threshold": 0.04618424404247696,
           "backwards_tp": true,
           "ema_span_0": 182.10186800739743,
           "ema_span_1": 697.0722840509283,
           "enabled": true,
           "eprice_exp_base": 1.3231387528267526,
           "eprice_pprice_diff": 0.031722340182634944,
           "grid_span": 0.4559696468008034,
           "initial_eprice_ema_dist": -0.08335473844270942,
           "initial_qty_pct": 0.01,
           "markup_range": 0.0,
           "max_n_entry_orders": 17,
           "min_markup": 0.0011007173325645616,
           "n_close_orders": 15,
           "secondary_allocation": 0.07088324943860551,
           "secondary_pprice_diff": 0.2526007098431371,
           "wallet_exposure_limit": 1}}