{"config_name": "static_grid_BTCUSDT_426days",
 "logging_level": 0,
 "long": {"auto_unstuck_ema_dist": -0.05420685000527523,
          "auto_unstuck_wallet_exposure_threshold": 0.0531153343502121,
          "backwards_tp": true,
          "ema_span_0": 722.0828058893173,
          "ema_span_1": 1290.8550611087555,
          "enabled": true,
          "eprice_exp_base": 1.6902400940059517,
          "eprice_pprice_diff": 0.02807944334958457,
          "grid_span": 0.1689178125416774,
          "initial_eprice_ema_dist": -0.013427348634395417,
          "initial_qty_pct": 0.021399398964725938,
          "markup_range": 0.004605549899536769,
          "max_n_entry_orders": 15,
          "min_markup": 0.005400906442539722,
          "n_close_orders": 13,
          "secondary_allocation": 0.24318269686513042,
          "secondary_pprice_diff": 0.212428517784488,
          "wallet_exposure_limit": 1},
 "short": {"auto_unstuck_ema_dist": -0.008867838950867287,
           "auto_unstuck_wallet_exposure_threshold": 0.041521670751128184,
           "backwards_tp": true,
           "ema_span_0": 596.6952931963376,
           "ema_span_1": 1231.8696638279002,
           "enabled": true,
           "eprice_exp_base": 1.0523159025099131,
           "eprice_pprice_diff": 0.026875560342687052,
           "grid_span": 0.6680085929230911,
           "initial_eprice_ema_dist": -0.010991418380729756,
           "initial_qty_pct": 0.02236763153679885,
           "markup_range": 0.022065755492134447,
           "max_n_entry_orders": 21,
           "min_markup": 0.00823540513215107,
           "n_close_orders": 2,
           "secondary_allocation": 0.6424607103852051,
           "secondary_pprice_diff": 0.05733508258758871,
           "wallet_exposure_limit": 1}}