{"config_name": "static_grid_BTCUSDT_496days",
 "logging_level": 0,
 "long": {"auto_unstuck_ema_dist": -0.08390021868657156,
          "auto_unstuck_wallet_exposure_threshold": 0.07097006252515999,
          "backwards_tp": true,
          "ema_span_0": 1412.205402666076,
          "ema_span_1": 532.8396602680422,
          "enabled": true,
          "eprice_exp_base": 1.1430012783926817,
          "eprice_pprice_diff": 0.016106579230974895,
          "grid_span": 0.14995807621316887,
          "initial_eprice_ema_dist": 0.003368958304185575,
          "initial_qty_pct": 0.02029894814435631,
          "markup_range": 0.0,
          "max_n_entry_orders": 17,
          "min_markup": 0.002542413260200324,
          "n_close_orders": 8,
          "secondary_allocation": 0.22715832134778874,
          "secondary_pprice_diff": 0.32563747952097033,
          "wallet_exposure_limit": 1.0},
 "short": {"auto_unstuck_ema_dist": -0.004875732356743534,
           "auto_unstuck_wallet_exposure_threshold": 0.04884984854562646,
           "backwards_tp": true,
           "ema_span_0": 1389.704637180203,
           "ema_span_1": 1302.9460060112024,
           "enabled": true,
           "eprice_exp_base": 1.1535519238797283,
           "eprice_pprice_diff": 0.038276036098961186,
           "grid_span": 0.4505639212687914,
           "initial_eprice_ema_dist": -0.007682748321671878,
           "initial_qty_pct": 0.01,
           "markup_range": 0.0,
           "max_n_entry_orders": 13,
           "min_markup": 0.0017482126025843217,
           "n_close_orders": 13,
           "secondary_allocation": 0.10727283018418032,
           "secondary_pprice_diff": 0.3208403000317173,
           "wallet_exposure_limit": 1.0}}