{"config_name": "static_grid_BTCUSDT_451days",
 "logging_level": 0,
 "long": {"auto_unstuck_ema_dist": -0.007848283019299393,
          "auto_unstuck_wallet_exposure_threshold": 0.07887294564106123,
          "backwards_tp": true,
          "ema_span_0": 677.0076937217286,
          "ema_span_1": 1048.3542418358911,
          "enabled": true,
          "eprice_exp_base": 1.0458246201165171,
          "eprice_pprice_diff": 0.012453518798818125,
          "grid_span": 0.17692167029657552,
          "initial_eprice_ema_dist": -0.000501083473505679,
          "initial_qty_pct": 0.012376684471246858,
          "markup_range": 0.0006343397463464948,
          "max_n_entry_orders": 16,
          "min_markup": 0.002750828068758538,
          "n_close_orders": 10,
          "secondary_allocation": 0.1376477911610008,
          "secondary_pprice_diff": 0.3471631382697873,
          "wallet_exposure_limit": 1.0},
 "short": {"auto_unstuck_ema_dist": -0.043891343726720135,
           "auto_unstuck_wallet_exposure_threshold": 0.030295258523432695,
           "backwards_tp": true,
           "ema_span_0": 1232.9614232022832,
           "ema_span_1": 1410.4693446746453,
           "enabled": true,
           "eprice_exp_base": 1.454799595315992,
           "eprice_pprice_diff": 0.0317578539952464,
           "grid_span": 0.5385835826267971,
           "initial_eprice_ema_dist": -0.0964440429216222,
           "initial_qty_pct": 0.018346282920214188,
           "markup_range": 0.010978396689508738,
           "max_n_entry_orders": 17,
           "min_markup": 0.007193090425564549,
           "n_close_orders": 11,
           "secondary_allocation": 0.29959426375245224,
           "secondary_pprice_diff": 0.47587963976145226,
           "wallet_exposure_limit": 1.0}}
