{"config_name": "static_grid_1_symbols_440days",
 "logging_level": 0,
 "long": {"auto_unstuck_ema_dist": -0.09580665676572975,
          "auto_unstuck_wallet_exposure_threshold": 0.07279338962269989,
          "backwards_tp": true,
          "ema_span_0": 785.833134677853,
          "ema_span_1": 469.58047018600456,
          "enabled": true,
          "eprice_exp_base": 1.2405690508454934,
          "eprice_pprice_diff": 0.010916551246463152,
          "grid_span": 0.11867395487418908,
          "initial_eprice_ema_dist": -0.006562488280960968,
          "initial_qty_pct": 0.01108990369482199,
          "markup_range": 0.0003335038139465965,
          "max_n_entry_orders": 18,
          "min_markup": 0.0022169391217067365,
          "n_close_orders": 8,
          "secondary_allocation": 0.2740583593651693,
          "secondary_pprice_diff": 0.3194348261520113,
          "wallet_exposure_limit": 1},
 "short": {"auto_unstuck_ema_dist": -0.03834720071719767,
           "auto_unstuck_wallet_exposure_threshold": 0.06590836196405325,
           "backwards_tp": true,
           "ema_span_0": 859.0535892385088,
           "ema_span_1": 240.8809975214443,
           "enabled": true,
           "eprice_exp_base": 1.5767142185568797,
           "eprice_pprice_diff": 0.039655608527244465,
           "grid_span": 0.44436307013968823,
           "initial_eprice_ema_dist": -0.0020467814995878,
           "initial_qty_pct": 0.01,
           "markup_range": 0.005076610316390381,
           "max_n_entry_orders": 9,
           "min_markup": 0.0015606874251318467,
           "n_close_orders": 6,
           "secondary_allocation": 0.13594438265137376,
           "secondary_pprice_diff": 0.17915519858836154,
           "wallet_exposure_limit": 1}}