{"config_name": "static_grid_BTCUSDT_543days",
 "logging_level": 0,
 "long": {"auto_unstuck_ema_dist": -0.03725543490253082,
          "auto_unstuck_wallet_exposure_threshold": 0.07715537738409262,
          "backwards_tp": true,
          "ema_span_0": 1259.4516362528607,
          "ema_span_1": 349.7516136039813,
          "enabled": true,
          "eprice_exp_base": 1.1143633968058848,
          "eprice_pprice_diff": 0.00954535969562394,
          "grid_span": 0.14960449077864865,
          "initial_eprice_ema_dist": -0.0004724498955648504,
          "initial_qty_pct": 0.013557320406839686,
          "markup_range": 0.0011607259444440486,
          "max_n_entry_orders": 19,
          "min_markup": 0.0017025764829611775,
          "n_close_orders": 10,
          "secondary_allocation": 0.1229797395071865,
          "secondary_pprice_diff": 0.2606044787389518,
          "wallet_exposure_limit": 2},
 "short": {"auto_unstuck_ema_dist": -0.0072591551792562615,
           "auto_unstuck_wallet_exposure_threshold": 0.07494170280409573,
           "backwards_tp": true,
           "ema_span_0": 1361.6372317985215,
           "ema_span_1": 136.04324872436325,
           "enabled": true,
           "eprice_exp_base": 1.6950394206831032,
           "eprice_pprice_diff": 0.024116405876061602,
           "grid_span": 0.11864439924152517,
           "initial_eprice_ema_dist": 0.0031858494054622793,
           "initial_qty_pct": 0.01,
           "markup_range": 0.0028630598030838722,
           "max_n_entry_orders": 16,
           "min_markup": 0.0022974494463581926,
           "n_close_orders": 5,
           "secondary_allocation": 0.6243701745624096,
           "secondary_pprice_diff": 0.13950451115224602,
           "wallet_exposure_limit": 2}}