{"config_name": "static_grid_BTCUSDT_605days",
 "logging_level": 0,
 "long": {"auto_unstuck_ema_dist": -0.025804628811666775,
          "auto_unstuck_wallet_exposure_threshold": 0.03348246868050024,
          "backwards_tp": true,
          "ema_span_0": 591.0872313578496,
          "ema_span_1": 770.0140716971189,
          "enabled": true,
          "eprice_exp_base": 1.074870941030585,
          "eprice_pprice_diff": 0.007881815065185857,
          "grid_span": 0.13080315849823734,
          "initial_eprice_ema_dist": 0.00023866762179254987,
          "initial_qty_pct": 0.01,
          "markup_range": 0.0012429464618285682,
          "max_n_entry_orders": 19,
          "min_markup": 0.001767470209507027,
          "n_close_orders": 13,
          "secondary_allocation": 0.1804503009438095,
          "secondary_pprice_diff": 0.3459165919070632,
          "wallet_exposure_limit": 2},
 "short": {"auto_unstuck_ema_dist": -0.009741697779287649,
           "auto_unstuck_wallet_exposure_threshold": 0.0730626805188131,
           "backwards_tp": true,
           "ema_span_0": 898.2614019359266,
           "ema_span_1": 922.576080471647,
           "enabled": true,
           "eprice_exp_base": 2.3786405333222618,
           "eprice_pprice_diff": 0.008961592741878265,
           "grid_span": 0.13126515556957766,
           "initial_eprice_ema_dist": -0.002260045884427136,
           "initial_qty_pct": 0.015245456058749437,
           "markup_range": 0.0,
           "max_n_entry_orders": 14,
           "min_markup": 0.0019073738758872026,
           "n_close_orders": 13,
           "secondary_allocation": 0.1670219905328871,
           "secondary_pprice_diff": 0.11777860719562722,
           "wallet_exposure_limit": 2}}