{"config_name": "static_grid_BTCUSDT_440days",
 "logging_level": 0,
 "long": {"auto_unstuck_ema_dist": -0.021581217994070395,
          "auto_unstuck_wallet_exposure_threshold": 0.04888793797242313,
          "backwards_tp": true,
          "ema_span_0": 531.7982155355865,
          "ema_span_1": 677.6997051763724,
          "enabled": true,
          "eprice_exp_base": 1.351181513478869,
          "eprice_pprice_diff": 0.010223081916655389,
          "grid_span": 0.10995528004239269,
          "initial_eprice_ema_dist": 0.0007067266584745184,
          "initial_qty_pct": 0.017091479389221682,
          "markup_range": 0.002814713645457905,
          "max_n_entry_orders": 21,
          "min_markup": 0.0018424976065013114,
          "n_close_orders": 2,
          "secondary_allocation": 0.11485617547113128,
          "secondary_pprice_diff": 0.2957582310546824,
          "wallet_exposure_limit": 1.0},
 "short": {"auto_unstuck_ema_dist": -0.005685014134483437,
           "auto_unstuck_wallet_exposure_threshold": 0.04055326356767485,
           "backwards_tp": true,
           "ema_span_0": 1337.9415832265975,
           "ema_span_1": 1157.7560562046854,
           "enabled": true,
           "eprice_exp_base": 1.1396710284278395,
           "eprice_pprice_diff": 0.03707338889406704,
           "grid_span": 0.14627988686827936,
           "initial_eprice_ema_dist": 0.00325016741061243,
           "initial_qty_pct": 0.01136370249792878,
           "markup_range": 0.002983461434358615,
           "max_n_entry_orders": 20,
           "min_markup": 0.0013144674504084897,
           "n_close_orders": 5,
           "secondary_allocation": 0.1545685640664974,
           "secondary_pprice_diff": 0.16036290927970354,
           "wallet_exposure_limit": 1}}