{"config_name": "static_grid_DOTUSDT_473days",
 "logging_level": 0,
 "long": {"auto_unstuck_ema_dist": -0.08325597804896384,
          "auto_unstuck_wallet_exposure_threshold": 0.03342297736875405,
          "backwards_tp": true,
          "ema_span_0": 8.753953108217653,
          "ema_span_1": 1380.174680367899,
          "enabled": true,
          "eprice_exp_base": 1.0863866749929594,
          "eprice_pprice_diff": 0.0034920125354603914,
          "grid_span": 0.6200275051343869,
          "initial_eprice_ema_dist": 0.004,
          "initial_qty_pct": 0.07623537368202511,
          "markup_range": 0.005387914410417376,
          "max_n_entry_orders": 18,
          "min_markup": 0.003129936329565328,
          "n_close_orders": 6,
          "secondary_allocation": 0.6112858006547094,
          "secondary_pprice_diff": 0.29267671320589306,
          "wallet_exposure_limit": 1},
 "short": {"auto_unstuck_ema_dist": -0.017127381834634525,
           "auto_unstuck_wallet_exposure_threshold": 0.09234080158216346,
           "backwards_tp": true,
           "ema_span_0": 1440,
           "ema_span_1": 1309.674574506581,
           "enabled": true,
           "eprice_exp_base": 1.427290881404097,
           "eprice_pprice_diff": 0.00889551759042901,
           "grid_span": 0.22258402362915802,
           "initial_eprice_ema_dist": -0.0010580767390798453,
           "initial_qty_pct": 0.01017184770844565,
           "markup_range": 0.0015817308951697252,
           "max_n_entry_orders": 15,
           "min_markup": 0.0031699719417747478,
           "n_close_orders": 8,
           "secondary_allocation": 0.11582650764875649,
           "secondary_pprice_diff": 0.31103350042186345,
           "wallet_exposure_limit": 1}}