{"config_name": "static_grid_DOTUSDT_455days",
 "logging_level": 0,
 "long": {"auto_unstuck_ema_dist": -0.005054463081749144,
          "auto_unstuck_wallet_exposure_threshold": 0.06395356132973341,
          "backwards_tp": true,
          "ema_span_0": 1440,
          "ema_span_1": 1401.5185457330788,
          "enabled": true,
          "eprice_exp_base": 1.3353796641680868,
          "eprice_pprice_diff": 0.0024761162716285105,
          "grid_span": 0.6321737471208493,
          "initial_eprice_ema_dist": 0.0028683898676808775,
          "initial_qty_pct": 0.010154847903897748,
          "markup_range": 0.00108557561160584,
          "max_n_entry_orders": 14,
          "min_markup": 0.0025689895556597034,
          "n_close_orders": 10,
          "secondary_allocation": 0.05302005017116839,
          "secondary_pprice_diff": 0.08435493137387651,
          "wallet_exposure_limit": 1},
 "short": {"auto_unstuck_ema_dist": 0.003,
           "auto_unstuck_wallet_exposure_threshold": 0.04267433676375919,
           "backwards_tp": true,
           "ema_span_0": 781.3024641571187,
           "ema_span_1": 56.12490945311807,
           "enabled": true,
           "eprice_exp_base": 1.0997803557051118,
           "eprice_pprice_diff": 0.00935633910879276,
           "grid_span": 0.46082250644896644,
           "initial_eprice_ema_dist": -0.002316240737209351,
           "initial_qty_pct": 0.0152377810620291,
           "markup_range": 0.002110710053919422,
           "max_n_entry_orders": 21,
           "min_markup": 0.005418735582504777,
           "n_close_orders": 10,
           "secondary_allocation": 0.5132614712512411,
           "secondary_pprice_diff": 0.06687716801884046,
           "wallet_exposure_limit": 1}}