{"config_name": "static_grid_DOTUSDT_498days",
 "logging_level": 0,
 "long": {"auto_unstuck_ema_dist": -0.013458748096038135,
          "auto_unstuck_wallet_exposure_threshold": 0.0804695008153251,
          "backwards_tp": true,
          "ema_span_0": 1385.4845612667264,
          "ema_span_1": 5,
          "enabled": true,
          "eprice_exp_base": 1.021521366693516,
          "eprice_pprice_diff": 0.002,
          "grid_span": 0.6759862718662516,
          "initial_eprice_ema_dist": 0.004,
          "initial_qty_pct": 0.07538036105016159,
          "markup_range": 0.007201220036812123,
          "max_n_entry_orders": 12,
          "min_markup": 0.0012559531630581958,
          "n_close_orders": 2,
          "secondary_allocation": 0.5489799753473856,
          "secondary_pprice_diff": 0.47975509070199324,
          "wallet_exposure_limit": 0.66},
 "short": {"auto_unstuck_ema_dist": -0.009645019127505738,
           "auto_unstuck_wallet_exposure_threshold": 0.060858422748002725,
           "backwards_tp": true,
           "ema_span_0": 1060.6124431178844,
           "ema_span_1": 546.9712620175376,
           "enabled": true,
           "eprice_exp_base": 1.769464851374913,
           "eprice_pprice_diff": 0.008402131570357171,
           "grid_span": 0.2770118149832619,
           "initial_eprice_ema_dist": -0.002600956844486531,
           "initial_qty_pct": 0.017485398495570004,
           "markup_range": 0.004237640625565999,
           "max_n_entry_orders": 16,
           "min_markup": 0.0022832632194164895,
           "n_close_orders": 8,
           "secondary_allocation": 0.15129259808897838,
           "secondary_pprice_diff": 0.463401593985955,
           "wallet_exposure_limit": 0.66}}
