{"config_name": "static_grid_DOTUSDT_438days",
 "logging_level": 0,
 "long": {"auto_unstuck_ema_dist": -0.012742450825744225,
          "auto_unstuck_wallet_exposure_threshold": 0.06943638094967965,
          "backwards_tp": true,
          "ema_span_0": 71.469799908597,
          "ema_span_1": 1440,
          "enabled": true,
          "eprice_exp_base": 1.131242217849837,
          "eprice_pprice_diff": 0.0037002241607701656,
          "grid_span": 0.6841293727207334,
          "initial_eprice_ema_dist": 0.004,
          "initial_qty_pct": 0.07521244416614435,
          "markup_range": 0.0032446049607932504,
          "max_n_entry_orders": 10,
          "min_markup": 0.0022781781695106443,
          "n_close_orders": 7,
          "secondary_allocation": 0.39689173115323634,
          "secondary_pprice_diff": 0.2954950231634241,
          "wallet_exposure_limit": 1},
 "short": {"auto_unstuck_ema_dist": -0.0017806148411471379,
           "auto_unstuck_wallet_exposure_threshold": 0.042626344594323025,
           "backwards_tp": true,
           "ema_span_0": 323.2618369095288,
           "ema_span_1": 1431.4724064441002,
           "enabled": true,
           "eprice_exp_base": 1.455223512272949,
           "eprice_pprice_diff": 0.006618886568865233,
           "grid_span": 0.32178669246409924,
           "initial_eprice_ema_dist": 0.002903625000374539,
           "initial_qty_pct": 0.015971718873529196,
           "markup_range": 0.0027653242132824087,
           "max_n_entry_orders": 14,
           "min_markup": 0.001979256728211063,
           "n_close_orders": 3,
           "secondary_allocation": 0.1279406858123715,
           "secondary_pprice_diff": 0.4617382100590007,
           "wallet_exposure_limit": 1}}