{"config_name": "static_grid_DYDXUSDT_429days",
 "logging_level": 0,
 "long": {"auto_unstuck_ema_dist": 0.0014117784295754304,
          "auto_unstuck_wallet_exposure_threshold": 0.0343415751635473,
          "backwards_tp": true,
          "ema_span_0": 1127.4751715860264,
          "ema_span_1": 1391.2810051239535,
          "enabled": true,
          "eprice_exp_base": 1.1150428506951389,
          "eprice_pprice_diff": 0.015819896324448086,
          "grid_span": 0.22084158936343773,
          "initial_eprice_ema_dist": -0.08184744533237878,
          "initial_qty_pct": 0.01131433788868131,
          "markup_range": 0.00260958873341998,
          "max_n_entry_orders": 8,
          "min_markup": 0.007503564982115442,
          "n_close_orders": 12,
          "secondary_allocation": 0.25682588084426455,
          "secondary_pprice_diff": 0.15213508404102277,
          "wallet_exposure_limit": 1},
 "short": {"auto_unstuck_ema_dist": -0.0013560908382033725,
           "auto_unstuck_wallet_exposure_threshold": 0.08848942968375162,
           "backwards_tp": true,
           "ema_span_0": 1332.6099000818149,
           "ema_span_1": 910.4811499493072,
           "enabled": true,
           "eprice_exp_base": 1,
           "eprice_pprice_diff": 0.03195252514253945,
           "grid_span": 0.3257449448429263,
           "initial_eprice_ema_dist": 0.0014293221921294922,
           "initial_qty_pct": 0.018060910434333756,
           "markup_range": 0.009031714086698894,
           "max_n_entry_orders": 15,
           "min_markup": 0.008641442253699746,
           "n_close_orders": 4,
           "secondary_allocation": 0.09526700529193907,
           "secondary_pprice_diff": 0.1780980712284348,
           "wallet_exposure_limit": 1}}