{"config_name": "static_grid_ETHUSDT_426days",
 "logging_level": 0,
 "long": {"auto_unstuck_ema_dist": -0.016705041572271984,
          "auto_unstuck_wallet_exposure_threshold": 0.03162219295110268,
          "backwards_tp": true,
          "ema_span_0": 843.5155080317672,
          "ema_span_1": 293.27149659405313,
          "enabled": true,
          "eprice_exp_base": 1.8026356804137618,
          "eprice_pprice_diff": 0.03399354164829127,
          "grid_span": 0.2012912392501734,
          "initial_eprice_ema_dist": -0.08224468092393,
          "initial_qty_pct": 0.011665594752644655,
          "markup_range": 0.008797048100420417,
          "max_n_entry_orders": 22,
          "min_markup": 0.0018294422875226746,
          "n_close_orders": 8,
          "secondary_allocation": 0.023000831775732665,
          "secondary_pprice_diff": 0.25337475599741105,
          "wallet_exposure_limit": 1},
 "short": {"auto_unstuck_ema_dist": -0.07824724738048042,
           "auto_unstuck_wallet_exposure_threshold": 0.053729151871550626,
           "backwards_tp": true,
           "ema_span_0": 1359.4120829028614,
           "ema_span_1": 498.92714937171525,
           "enabled": true,
           "eprice_exp_base": 1.6465149568859678,
           "eprice_pprice_diff": 0.03790870134955317,
           "grid_span": 0.37961470224901495,
           "initial_eprice_ema_dist": 0.002040968339397445,
           "initial_qty_pct": 0.01691114288665457,
           "markup_range": 0.0,
           "max_n_entry_orders": 8,
           "min_markup": 0.0037486525238402723,
           "n_close_orders": 15,
           "secondary_allocation": 0.43541103636112216,
           "secondary_pprice_diff": 0.2896120966236713,
           "wallet_exposure_limit": 1}}