{"config_name": "static_grid_ETHUSDT_443days",
 "logging_level": 0,
 "long": {"auto_unstuck_ema_dist": -0.017336777049391797,
          "auto_unstuck_wallet_exposure_threshold": 0.0498527903013417,
          "backwards_tp": true,
          "ema_span_0": 1151.771119952896,
          "ema_span_1": 657.5606623985562,
          "enabled": true,
          "eprice_exp_base": 1,
          "eprice_pprice_diff": 0.005574072504452446,
          "grid_span": 0.12226781552727597,
          "initial_eprice_ema_dist": 0.0035950821654641063,
          "initial_qty_pct": 0.01800307579412375,
          "markup_range": 0.0034875709270052917,
          "max_n_entry_orders": 16,
          "min_markup": 0.0023828845066700913,
          "n_close_orders": 10,
          "secondary_allocation": 0.075628162533474,
          "secondary_pprice_diff": 0.11378179357202348,
          "wallet_exposure_limit": 1.0},
 "short": {"auto_unstuck_ema_dist": -0.09573923897874023,
           "auto_unstuck_wallet_exposure_threshold": 0.09459726326160896,
           "backwards_tp": true,
           "ema_span_0": 1384.032353741159,
           "ema_span_1": 168.88310043154007,
           "enabled": true,
           "eprice_exp_base": 1.311354822037285,
           "eprice_pprice_diff": 0.012978275674885732,
           "grid_span": 0.11305659567165548,
           "initial_eprice_ema_dist": 0.0032181022439844026,
           "initial_qty_pct": 0.011655853384343537,
           "markup_range": 0.000616081887616753,
           "max_n_entry_orders": 20,
           "min_markup": 0.004731617801154199,
           "n_close_orders": 5,
           "secondary_allocation": 0.1261367103329851,
           "secondary_pprice_diff": 0.3471936870649016,
           "wallet_exposure_limit": 1}}