{"config_name": "static_grid_ETHUSDT_581days",
 "logging_level": 0,
 "long": {"auto_unstuck_ema_dist": -0.0014923872046367962,
          "auto_unstuck_wallet_exposure_threshold": 0.030479568668050936,
          "backwards_tp": true,
          "ema_span_0": 1141.6028173009151,
          "ema_span_1": 621.8454378961544,
          "enabled": true,
          "eprice_exp_base": 1.1073819390166197,
          "eprice_pprice_diff": 0.0063428822492452505,
          "grid_span": 0.12108891364393985,
          "initial_eprice_ema_dist": 0.0027516044006632833,
          "initial_qty_pct": 0.02018983850382021,
          "markup_range": 0.0018946806768822973,
          "max_n_entry_orders": 21,
          "min_markup": 0.0015911701785480186,
          "n_close_orders": 13,
          "secondary_allocation": 0.07664649426632753,
          "secondary_pprice_diff": 0.24325586736327542,
          "wallet_exposure_limit": 1.5},
 "short": {"auto_unstuck_ema_dist": -0.004977332278040647,
           "auto_unstuck_wallet_exposure_threshold": 0.06645977389323209,
           "backwards_tp": true,
           "ema_span_0": 931.0568735844361,
           "ema_span_1": 997.2681912922499,
           "enabled": true,
           "eprice_exp_base": 2.4952111171213716,
           "eprice_pprice_diff": 0.005497772568685878,
           "grid_span": 0.11422399102942071,
           "initial_eprice_ema_dist": 0.0006401688778942024,
           "initial_qty_pct": 0.016797420248681895,
           "markup_range": 0.0022231550536522073,
           "max_n_entry_orders": 22,
           "min_markup": 0.0022376828181237575,
           "n_close_orders": 11,
           "secondary_allocation": 0.10813039440790814,
           "secondary_pprice_diff": 0.07733697847637944,
           "wallet_exposure_limit": 1.5}}