{"config_name": "static_grid_ETHUSDT_441days",
 "logging_level": 0,
 "long": {"auto_unstuck_ema_dist": -0.012477239837418126,
          "auto_unstuck_wallet_exposure_threshold": 0.068784501643883,
          "backwards_tp": true,
          "ema_span_0": 691.9769115332618,
          "ema_span_1": 1146.4927343960637,
          "enabled": true,
          "eprice_exp_base": 1,
          "eprice_pprice_diff": 0.006278913347474599,
          "grid_span": 0.13081591689532232,
          "initial_eprice_ema_dist": 0.0028789671467371815,
          "initial_qty_pct": 0.021770474758366017,
          "markup_range": 0.002293451097359368,
          "max_n_entry_orders": 21,
          "min_markup": 0.002295019062158705,
          "n_close_orders": 7,
          "secondary_allocation": 0.1516304813487383,
          "secondary_pprice_diff": 0.12141318092474854,
          "wallet_exposure_limit": 1},
 "short": {"auto_unstuck_ema_dist": -0.08747850965034365,
           "auto_unstuck_wallet_exposure_threshold": 0.03303246186096351,
           "backwards_tp": true,
           "ema_span_0": 5.237887340955477,
           "ema_span_1": 1156.427881981189,
           "enabled": true,
           "eprice_exp_base": 1.1314674395597,
           "eprice_pprice_diff": 0.004885562031218188,
           "grid_span": 0.5912078185855052,
           "initial_eprice_ema_dist": 0.004,
           "initial_qty_pct": 0.07361040243254932,
           "markup_range": 0.0,
           "max_n_entry_orders": 21,
           "min_markup": 0.0010119172877984428,
           "n_close_orders": 13,
           "secondary_allocation": 0.007101192962791637,
           "secondary_pprice_diff": 0.17706635472613697,
           "wallet_exposure_limit": 1}}