{"config_name": "static_grid_ETHUSDT_607days",
 "logging_level": 0,
 "long": {"auto_unstuck_ema_dist": -0.029290835911790346,
          "auto_unstuck_wallet_exposure_threshold": 0.032076330272272316,
          "backwards_tp": true,
          "ema_span_0": 826.6178413167415,
          "ema_span_1": 1071.4789145333016,
          "enabled": true,
          "eprice_exp_base": 1.6021077156861367,
          "eprice_pprice_diff": 0.004663674006496008,
          "grid_span": 0.11443152394501742,
          "initial_eprice_ema_dist": 0.004,
          "initial_qty_pct": 0.01396757339134295,
          "markup_range": 0.0017175436468025856,
          "max_n_entry_orders": 15,
          "min_markup": 0.002128574492621336,
          "n_close_orders": 8,
          "secondary_allocation": 0.08833799858545385,
          "secondary_pprice_diff": 0.158680637424933,
          "wallet_exposure_limit": 1.5},
 "short": {"auto_unstuck_ema_dist": -0.03644690964721706,
           "auto_unstuck_wallet_exposure_threshold": 0.047788218680690095,
           "backwards_tp": true,
           "ema_span_0": 622.9384838155543,
           "ema_span_1": 377.7539878301942,
           "enabled": true,
           "eprice_exp_base": 1.0362030696785753,
           "eprice_pprice_diff": 0.020584226102598698,
           "grid_span": 0.31466459859968177,
           "initial_eprice_ema_dist": 0.004,
           "initial_qty_pct": 0.011019796537138226,
           "markup_range": 0.0,
           "max_n_entry_orders": 14,
           "min_markup": 0.0012479512809485975,
           "n_close_orders": 9,
           "secondary_allocation": 0.01893244801697303,
           "secondary_pprice_diff": 0.06120350351570356,
           "wallet_exposure_limit": 1.5}}