{"config_name": "static_grid_ETHUSDT_541days",
 "logging_level": 0,
 "long": {"auto_unstuck_ema_dist": -0.07899277610260859,
          "auto_unstuck_wallet_exposure_threshold": 0.04568980657585525,
          "backwards_tp": true,
          "ema_span_0": 993.653380902811,
          "ema_span_1": 794.1493150920516,
          "enabled": true,
          "eprice_exp_base": 1,
          "eprice_pprice_diff": 0.006949256286854917,
          "grid_span": 0.1253343731528311,
          "initial_eprice_ema_dist": 0.002650968364097168,
          "initial_qty_pct": 0.018186056753822646,
          "markup_range": 0.002761599212527485,
          "max_n_entry_orders": 20,
          "min_markup": 0.0020266348482052333,
          "n_close_orders": 11,
          "secondary_allocation": 0.1200417312099971,
          "secondary_pprice_diff": 0.39202785835886605,
          "wallet_exposure_limit": 1.5},
 "short": {"auto_unstuck_ema_dist": 0.00035300802663703126,
           "auto_unstuck_wallet_exposure_threshold": 0.1,
           "backwards_tp": true,
           "ema_span_0": 522.7381324461509,
           "ema_span_1": 1440,
           "enabled": true,
           "eprice_exp_base": 1.3982703468714712,
           "eprice_pprice_diff": 0.014371529567846066,
           "grid_span": 0.1841678000585797,
           "initial_eprice_ema_dist": -0.008559422359636295,
           "initial_qty_pct": 0.013193491600573181,
           "markup_range": 0.0010448784113727258,
           "max_n_entry_orders": 15,
           "min_markup": 0.0019286581968684718,
           "n_close_orders": 6,
           "secondary_allocation": 0.2764835056865685,
           "secondary_pprice_diff": 0.07286534565957553,
           "wallet_exposure_limit": 1.5}}