{"config_name": "static_grid_ETHUSDT_450days",
 "logging_level": 0,
 "long": {"auto_unstuck_ema_dist": -0.03975176781965299,
          "auto_unstuck_wallet_exposure_threshold": 0.04180947855462883,
          "backwards_tp": true,
          "ema_span_0": 751.1356145712666,
          "ema_span_1": 858.5480206252994,
          "enabled": true,
          "eprice_exp_base": 1,
          "eprice_pprice_diff": 0.006281954391884371,
          "grid_span": 0.13796643469230918,
          "initial_eprice_ema_dist": 0.003229674778204398,
          "initial_qty_pct": 0.016645690949178626,
          "markup_range": 0.004858213401046718,
          "max_n_entry_orders": 12,
          "min_markup": 0.0011903587344463638,
          "n_close_orders": 10,
          "secondary_allocation": 0.068070294367081,
          "secondary_pprice_diff": 0.2851637282444834,
          "wallet_exposure_limit": 1.0},
 "short": {"auto_unstuck_ema_dist": -0.047004581516021764,
           "auto_unstuck_wallet_exposure_threshold": 0.03627126104030441,
           "backwards_tp": true,
           "ema_span_0": 583.8062569607578,
           "ema_span_1": 667.0754938561397,
           "enabled": true,
           "eprice_exp_base": 1.3793665804710251,
           "eprice_pprice_diff": 0.01318986953863528,
           "grid_span": 0.13591811649336044,
           "initial_eprice_ema_dist": -0.0004062898446045571,
           "initial_qty_pct": 0.014079737647998938,
           "markup_range": 0.0016344860119637795,
           "max_n_entry_orders": 21,
           "min_markup": 0.001345549414096396,
           "n_close_orders": 10,
           "secondary_allocation": 0.09729590670006906,
           "secondary_pprice_diff": 0.10357455373235962,
           "wallet_exposure_limit": 1.0}}
