{"config_name": "static_grid_ETHUSDT_431days",
 "logging_level": 0,
 "long": {"auto_unstuck_ema_dist": -0.09641177549982323,
          "auto_unstuck_wallet_exposure_threshold": 0.03250415980504502,
          "backwards_tp": true,
          "ema_span_0": 1281.223096422624,
          "ema_span_1": 1109.687246162751,
          "enabled": true,
          "eprice_exp_base": 1.060817500003611,
          "eprice_pprice_diff": 0.008646807413940277,
          "grid_span": 0.12019973317990226,
          "initial_eprice_ema_dist": 0.00016692114242296274,
          "initial_qty_pct": 0.01687839047679889,
          "markup_range": 0.0027950889838455313,
          "max_n_entry_orders": 16,
          "min_markup": 0.0016574300468140432,
          "n_close_orders": 14,
          "secondary_allocation": 0.09256440121230863,
          "secondary_pprice_diff": 0.3714423695002921,
          "wallet_exposure_limit": 1},
 "short": {"auto_unstuck_ema_dist": -0.036031033191402786,
           "auto_unstuck_wallet_exposure_threshold": 0.09855365200066063,
           "backwards_tp": true,
           "ema_span_0": 442.4293144360443,
           "ema_span_1": 731.6452624406135,
           "enabled": true,
           "eprice_exp_base": 1.0920294979214422,
           "eprice_pprice_diff": 0.019135285749767368,
           "grid_span": 0.13547811953389277,
           "initial_eprice_ema_dist": 0.004,
           "initial_qty_pct": 0.014826029678841775,
           "markup_range": 0.001728943033250599,
           "max_n_entry_orders": 19,
           "min_markup": 0.0034049455453910283,
           "n_close_orders": 13,
           "secondary_allocation": 0.12877199804487882,
           "secondary_pprice_diff": 0.09163122868332196,
           "wallet_exposure_limit": 1}}