{"config_name": "static_grid_ETHUSDT_428days",
 "logging_level": 0,
 "long": {"auto_unstuck_ema_dist": -0.0017323770031126146,
          "auto_unstuck_wallet_exposure_threshold": 0.04921808873729831,
          "backwards_tp": true,
          "ema_span_0": 1277.2020815658116,
          "ema_span_1": 884.2445310770946,
          "enabled": true,
          "eprice_exp_base": 1.1100394254334258,
          "eprice_pprice_diff": 0.01241603495186457,
          "grid_span": 0.11201059982887702,
          "initial_eprice_ema_dist": 0.0028600068428161953,
          "initial_qty_pct": 0.013527448934736648,
          "markup_range": 0.002855626172388872,
          "max_n_entry_orders": 20,
          "min_markup": 0.004445306422366894,
          "n_close_orders": 4,
          "secondary_allocation": 0.21379181431170008,
          "secondary_pprice_diff": 0.293673702457085,
          "wallet_exposure_limit": 1},
 "short": {"auto_unstuck_ema_dist": -0.011701326743060682,
           "auto_unstuck_wallet_exposure_threshold": 0.07545647720029841,
           "backwards_tp": true,
           "ema_span_0": 1118.929098819956,
           "ema_span_1": 1252.806210141144,
           "enabled": true,
           "eprice_exp_base": 1.150856787357006,
           "eprice_pprice_diff": 0.019339925149766655,
           "grid_span": 0.1933918042888886,
           "initial_eprice_ema_dist": -0.012425551382877292,
           "initial_qty_pct": 0.015237742559008966,
           "markup_range": 0.00618239523567801,
           "max_n_entry_orders": 15,
           "min_markup": 0.002065655041764505,
           "n_close_orders": 14,
           "secondary_allocation": 0.6764450773011984,
           "secondary_pprice_diff": 0.05,
           "wallet_exposure_limit": 1}}