{"config_name": "static_grid_ETHUSDT_470days",
 "logging_level": 0,
 "long": {"auto_unstuck_ema_dist": -0.030103476856228772,
          "auto_unstuck_wallet_exposure_threshold": 0.0393742882883841,
          "backwards_tp": true,
          "ema_span_0": 635.1544382796731,
          "ema_span_1": 1243.7688987683887,
          "enabled": true,
          "eprice_exp_base": 1,
          "eprice_pprice_diff": 0.006377956622889953,
          "grid_span": 0.12967173273789714,
          "initial_eprice_ema_dist": 0.001958035329219357,
          "initial_qty_pct": 0.015486193485372758,
          "markup_range": 0.0022737027949055167,
          "max_n_entry_orders": 21,
          "min_markup": 0.003413056284326055,
          "n_close_orders": 11,
          "secondary_allocation": 0.08289340426666908,
          "secondary_pprice_diff": 0.2935415285794027,
          "wallet_exposure_limit": 1},
 "short": {"auto_unstuck_ema_dist": -0.08187822516145092,
           "auto_unstuck_wallet_exposure_threshold": 0.06023678383859769,
           "backwards_tp": true,
           "ema_span_0": 5,
           "ema_span_1": 1155.831045818175,
           "enabled": true,
           "eprice_exp_base": 1,
           "eprice_pprice_diff": 0.002,
           "grid_span": 0.5921930484721458,
           "initial_eprice_ema_dist": 0.004,
           "initial_qty_pct": 0.07722735934109183,
           "markup_range": 0.0,
           "max_n_entry_orders": 17,
           "min_markup": 0.001,
           "n_close_orders": 6,
           "secondary_allocation": 0.0,
           "secondary_pprice_diff": 0.07996455098952887,
           "wallet_exposure_limit": 1}}