{"config_name": "static_grid_ETHUSDT_435days",
 "logging_level": 0,
 "long": {"auto_unstuck_ema_dist": -0.0004771513671266121,
          "auto_unstuck_wallet_exposure_threshold": 0.032332304027400095,
          "backwards_tp": true,
          "ema_span_0": 952.3537780949632,
          "ema_span_1": 411.82834973508415,
          "enabled": true,
          "eprice_exp_base": 1.3771448767417866,
          "eprice_pprice_diff": 0.009413930976422912,
          "grid_span": 0.10977949000634737,
          "initial_eprice_ema_dist": 0.0021264347236405142,
          "initial_qty_pct": 0.026312021097295794,
          "markup_range": 0.0031636217864852694,
          "max_n_entry_orders": 16,
          "min_markup": 0.002203965915881321,
          "n_close_orders": 2,
          "secondary_allocation": 0.14138044128005872,
          "secondary_pprice_diff": 0.06719145245703016,
          "wallet_exposure_limit": 1},
 "short": {"auto_unstuck_ema_dist": -0.08059627342493228,
           "auto_unstuck_wallet_exposure_threshold": 0.09715198911771192,
           "backwards_tp": true,
           "ema_span_0": 1440,
           "ema_span_1": 1133.181958658876,
           "enabled": true,
           "eprice_exp_base": 2.29484269939994,
           "eprice_pprice_diff": 0.05,
           "grid_span": 0.1,
           "initial_eprice_ema_dist": -0.014650811852576204,
           "initial_qty_pct": 0.03545076422307151,
           "markup_range": 0.006149712539225714,
           "max_n_entry_orders": 10,
           "min_markup": 0.007941445186830612,
           "n_close_orders": 8,
           "secondary_allocation": 0.04624474268572021,
           "secondary_pprice_diff": 0.07855088690707772,
           "wallet_exposure_limit": 1}}