{"config_name": "static_grid_LINKUSDT_439days",
 "logging_level": 0,
 "long": {"auto_unstuck_ema_dist": -0.07211783870987601,
          "auto_unstuck_wallet_exposure_threshold": 0.04309662726186455,
          "backwards_tp": true,
          "ema_span_0": 137.83783741913072,
          "ema_span_1": 1440,
          "enabled": true,
          "eprice_exp_base": 1,
          "eprice_pprice_diff": 0.0059135596640200174,
          "grid_span": 0.5660110894694581,
          "initial_eprice_ema_dist": 0.004,
          "initial_qty_pct": 0.07575190603517783,
          "markup_range": 0.04669873588830208,
          "max_n_entry_orders": 17,
          "min_markup": 0.009570800977194092,
          "n_close_orders": 4,
          "secondary_allocation": 0.25764866287957233,
          "secondary_pprice_diff": 0.19811397549505066,
          "wallet_exposure_limit": 1},
 "short": {"auto_unstuck_ema_dist": -0.03563977599474552,
           "auto_unstuck_wallet_exposure_threshold": 0.03399667960201723,
           "backwards_tp": true,
           "ema_span_0": 1347.3785053048944,
           "ema_span_1": 732.0353866999584,
           "enabled": true,
           "eprice_exp_base": 1,
           "eprice_pprice_diff": 0.018376804949896883,
           "grid_span": 0.17671908214569085,
           "initial_eprice_ema_dist": 0.0027292943337186284,
           "initial_qty_pct": 0.021798376326825707,
           "markup_range": 0.003535747710969088,
           "max_n_entry_orders": 17,
           "min_markup": 0.009903364366737472,
           "n_close_orders": 13,
           "secondary_allocation": 0.05063639396145955,
           "secondary_pprice_diff": 0.3245149898472932,
           "wallet_exposure_limit": 1}}