{"config_name": "static_grid_LINKUSDT_445days",
 "logging_level": 0,
 "long": {"auto_unstuck_ema_dist": -0.01253452025311442,
          "auto_unstuck_wallet_exposure_threshold": 0.09729905595880253,
          "backwards_tp": true,
          "ema_span_0": 146.96640277471863,
          "ema_span_1": 1440,
          "enabled": true,
          "eprice_exp_base": 1.0570782956022664,
          "eprice_pprice_diff": 0.004867179120488473,
          "grid_span": 0.6108263267430699,
          "initial_eprice_ema_dist": 0.004,
          "initial_qty_pct": 0.07572703622303029,
          "markup_range": 0.04985007347489498,
          "max_n_entry_orders": 9,
          "min_markup": 0.0064540161981446196,
          "n_close_orders": 12,
          "secondary_allocation": 0.5329699129745709,
          "secondary_pprice_diff": 0.37865198417238405,
          "wallet_exposure_limit": 1},
 "short": {"auto_unstuck_ema_dist": 0.003,
           "auto_unstuck_wallet_exposure_threshold": 0.05358870699365493,
           "backwards_tp": true,
           "ema_span_0": 1376.0870355981767,
           "ema_span_1": 824.4285424002877,
           "enabled": true,
           "eprice_exp_base": 1.3887166432900195,
           "eprice_pprice_diff": 0.014622803735344539,
           "grid_span": 0.20336159900184034,
           "initial_eprice_ema_dist": -0.0027118848251815038,
           "initial_qty_pct": 0.020169225367752765,
           "markup_range": 0.005298354460501791,
           "max_n_entry_orders": 22,
           "min_markup": 0.006532407244583412,
           "n_close_orders": 12,
           "secondary_allocation": 0.17793034567377514,
           "secondary_pprice_diff": 0.3426665115449229,
           "wallet_exposure_limit": 1.0}}