{"config_name": "static_grid_LINKUSDT_451days",
 "logging_level": 0,
 "long": {"auto_unstuck_ema_dist": -0.024356570176862113,
          "auto_unstuck_wallet_exposure_threshold": 0.09467813344996864,
          "backwards_tp": true,
          "ema_span_0": 1339.3165382057189,
          "ema_span_1": 978.488405000315,
          "enabled": true,
          "eprice_exp_base": 3.732790925702923,
          "eprice_pprice_diff": 0.005300875488716767,
          "grid_span": 0.56338700504505,
          "initial_eprice_ema_dist": -0.08213581565271029,
          "initial_qty_pct": 0.07799810080839847,
          "markup_range": 0.05990601309853869,
          "max_n_entry_orders": 22,
          "min_markup": 0.006547135801453424,
          "n_close_orders": 5,
          "secondary_allocation": 0.6470024565059393,
          "secondary_pprice_diff": 0.3815158832011358,
          "wallet_exposure_limit": 1},
 "short": {"auto_unstuck_ema_dist": -0.01828775491779558,
           "auto_unstuck_wallet_exposure_threshold": 0.07977692900943206,
           "backwards_tp": true,
           "ema_span_0": 1016.5280081696783,
           "ema_span_1": 808.8429500757325,
           "enabled": true,
           "eprice_exp_base": 1.0199488064147804,
           "eprice_pprice_diff": 0.016643149803277923,
           "grid_span": 0.22679848090491475,
           "initial_eprice_ema_dist": -0.0006903270474385576,
           "initial_qty_pct": 0.01968378849425551,
           "markup_range": 0.00386220963985939,
           "max_n_entry_orders": 20,
           "min_markup": 0.005633829487571592,
           "n_close_orders": 3,
           "secondary_allocation": 0.13623711305685896,
           "secondary_pprice_diff": 0.20638108357823137,
           "wallet_exposure_limit": 1.0}}