{"config_name": "static_grid_LTCUSDT_517days",
 "logging_level": 0,
 "long": {"auto_unstuck_ema_dist": -0.009259137754881854,
          "auto_unstuck_wallet_exposure_threshold": 0.07050816278699286,
          "backwards_tp": true,
          "ema_span_0": 1161.1494621819365,
          "ema_span_1": 171.11247191230765,
          "enabled": true,
          "eprice_exp_base": 1.060934002951096,
          "eprice_pprice_diff": 0.012259068701111604,
          "grid_span": 0.1713949760470193,
          "initial_eprice_ema_dist": -0.040015496492847406,
          "initial_qty_pct": 0.01,
          "markup_range": 0.0038122495111200913,
          "max_n_entry_orders": 22,
          "min_markup": 0.004558506128346911,
          "n_close_orders": 15,
          "secondary_allocation": 0.11555757680167834,
          "secondary_pprice_diff": 0.4142492190258418,
          "wallet_exposure_limit": 0.66},
 "short": {"auto_unstuck_ema_dist": -0.01014997286915345,
           "auto_unstuck_wallet_exposure_threshold": 0.03,
           "backwards_tp": true,
           "ema_span_0": 231.3116563160266,
           "ema_span_1": 544.1790181377995,
           "enabled": true,
           "eprice_exp_base": 1.216528613845259,
           "eprice_pprice_diff": 0.011205561693004754,
           "grid_span": 0.15123979027229362,
           "initial_eprice_ema_dist": 0.0032303616619450727,
           "initial_qty_pct": 0.011141312473422869,
           "markup_range": 0.0018994175982905712,
           "max_n_entry_orders": 10,
           "min_markup": 0.0016285268185845829,
           "n_close_orders": 8,
           "secondary_allocation": 0.03952051223196238,
           "secondary_pprice_diff": 0.1608903375983169,
           "wallet_exposure_limit": 0.66}}