{"config_name": "static_grid_LTCUSDT_527days",
 "logging_level": 0,
 "long": {"auto_unstuck_ema_dist": -0.02326834159893482,
          "auto_unstuck_wallet_exposure_threshold": 0.06989235137633186,
          "backwards_tp": true,
          "ema_span_0": 895.3671027139678,
          "ema_span_1": 824.8938398759233,
          "enabled": true,
          "eprice_exp_base": 1.168199176533385,
          "eprice_pprice_diff": 0.009006215518333813,
          "grid_span": 0.17389532286347056,
          "initial_eprice_ema_dist": -0.0020648740891570164,
          "initial_qty_pct": 0.020300244908634205,
          "markup_range": 0.0016090918173281524,
          "max_n_entry_orders": 20,
          "min_markup": 0.004151731954209827,
          "n_close_orders": 10,
          "secondary_allocation": 0.07628654558858973,
          "secondary_pprice_diff": 0.1640105913816376,
          "wallet_exposure_limit": 0.66},
 "short": {"auto_unstuck_ema_dist": -0.033647801237984,
           "auto_unstuck_wallet_exposure_threshold": 0.0790673031134618,
           "backwards_tp": true,
           "ema_span_0": 462.57428365316065,
           "ema_span_1": 564.029533456928,
           "enabled": true,
           "eprice_exp_base": 1.1800966696453075,
           "eprice_pprice_diff": 0.009023872755694405,
           "grid_span": 0.3468340000634918,
           "initial_eprice_ema_dist": 0.004,
           "initial_qty_pct": 0.013933142992882137,
           "markup_range": 0.0027462986386902867,
           "max_n_entry_orders": 19,
           "min_markup": 0.0024078274137250355,
           "n_close_orders": 4,
           "secondary_allocation": 0.09550710495274549,
           "secondary_pprice_diff": 0.3781655719163159,
           "wallet_exposure_limit": 0.66}}