{"config_name": "static_grid_LTCUSDT_430days",
 "logging_level": 0,
 "long": {"auto_unstuck_ema_dist": -0.006838608291524542,
          "auto_unstuck_wallet_exposure_threshold": 0.04439959469267291,
          "backwards_tp": true,
          "ema_span_0": 450.74396682608847,
          "ema_span_1": 658.9270103126646,
          "enabled": true,
          "eprice_exp_base": 1.163132823659024,
          "eprice_pprice_diff": 0.00761519086266529,
          "grid_span": 0.16404723850306144,
          "initial_eprice_ema_dist": 0.003981100290109328,
          "initial_qty_pct": 0.02110538722542764,
          "markup_range": 0.004538974378071855,
          "max_n_entry_orders": 19,
          "min_markup": 0.0021126104477938138,
          "n_close_orders": 8,
          "secondary_allocation": 0.056032558739612416,
          "secondary_pprice_diff": 0.3670040286139097,
          "wallet_exposure_limit": 1},
 "short": {"auto_unstuck_ema_dist": -0.07170411508337503,
           "auto_unstuck_wallet_exposure_threshold": 0.05048833685334897,
           "backwards_tp": true,
           "ema_span_0": 1019.3841437930654,
           "ema_span_1": 1238.769234751133,
           "enabled": true,
           "eprice_exp_base": 1,
           "eprice_pprice_diff": 0.019886411042030698,
           "grid_span": 0.1857373572328094,
           "initial_eprice_ema_dist": 0.0037307033342892227,
           "initial_qty_pct": 0.013737108209459442,
           "markup_range": 0.0035103464133424776,
           "max_n_entry_orders": 8,
           "min_markup": 0.00602900812196991,
           "n_close_orders": 3,
           "secondary_allocation": 0.13423607134154977,
           "secondary_pprice_diff": 0.41111060281797207,
           "wallet_exposure_limit": 1}}