{"config_name": "static_grid_LTCUSDT_560days",
 "logging_level": 0,
 "long": {"auto_unstuck_ema_dist": -0.06644026136221413,
          "auto_unstuck_wallet_exposure_threshold": 0.05462974641943391,
          "backwards_tp": true,
          "ema_span_0": 113.18942302682316,
          "ema_span_1": 939.7968484715143,
          "enabled": true,
          "eprice_exp_base": 3.6580788424200037,
          "eprice_pprice_diff": 0.012194764922692232,
          "grid_span": 0.6759693229379095,
          "initial_eprice_ema_dist": 0.0009224621765813595,
          "initial_qty_pct": 0.021695670747861363,
          "markup_range": 0.01407551372871471,
          "max_n_entry_orders": 18,
          "min_markup": 0.005849207583450563,
          "n_close_orders": 6,
          "secondary_allocation": 0.18723449927933555,
          "secondary_pprice_diff": 0.4077680870302774,
          "wallet_exposure_limit": 0.66},
 "short": {"auto_unstuck_ema_dist": -0.009722197558310317,
           "auto_unstuck_wallet_exposure_threshold": 0.09722021856910935,
           "backwards_tp": true,
           "ema_span_0": 471.37304033718726,
           "ema_span_1": 293.92371711225263,
           "enabled": true,
           "eprice_exp_base": 3.5703216389409995,
           "eprice_pprice_diff": 0.018780163093020337,
           "grid_span": 0.1545855046858136,
           "initial_eprice_ema_dist": -0.015232474141570446,
           "initial_qty_pct": 0.029242301291793837,
           "markup_range": 0.02483872790556424,
           "max_n_entry_orders": 22,
           "min_markup": 0.009872385231678524,
           "n_close_orders": 9,
           "secondary_allocation": 0.12841866731933263,
           "secondary_pprice_diff": 0.2520023773484775,
           "wallet_exposure_limit": 0.66}}