{"config_name": "static_grid_LTCUSDT_472days",
 "logging_level": 0,
 "long": {"auto_unstuck_ema_dist": -0.0026860910619982813,
          "auto_unstuck_wallet_exposure_threshold": 0.04761306725296569,
          "backwards_tp": true,
          "ema_span_0": 1244.131790939183,
          "ema_span_1": 1300.283231380512,
          "enabled": true,
          "eprice_exp_base": 1.0868039012179318,
          "eprice_pprice_diff": 0.007478474224157332,
          "grid_span": 0.17217029673832507,
          "initial_eprice_ema_dist": 0.004,
          "initial_qty_pct": 0.015311839820458065,
          "markup_range": 0.005628128879944798,
          "max_n_entry_orders": 21,
          "min_markup": 0.0028011618084607635,
          "n_close_orders": 14,
          "secondary_allocation": 0.0661855945076183,
          "secondary_pprice_diff": 0.3394436563443495,
          "wallet_exposure_limit": 1},
 "short": {"auto_unstuck_ema_dist": -0.05571692577154937,
           "auto_unstuck_wallet_exposure_threshold": 0.03727904083593484,
           "backwards_tp": true,
           "ema_span_0": 254.05764921990874,
           "ema_span_1": 562.6543777647357,
           "enabled": true,
           "eprice_exp_base": 1.2305861998603187,
           "eprice_pprice_diff": 0.019642110301215744,
           "grid_span": 0.18845522760425434,
           "initial_eprice_ema_dist": 0.0009479098949104608,
           "initial_qty_pct": 0.016740952599749788,
           "markup_range": 0.002011014969727063,
           "max_n_entry_orders": 18,
           "min_markup": 0.001854950209972248,
           "n_close_orders": 12,
           "secondary_allocation": 0.1190987806542559,
           "secondary_pprice_diff": 0.34126978480201087,
           "wallet_exposure_limit": 1}}