{"config_name": "static_grid_LTCUSDT_453days",
 "logging_level": 0,
 "long": {"auto_unstuck_ema_dist": -0.04637707597167712,
          "auto_unstuck_wallet_exposure_threshold": 0.054473233391951335,
          "backwards_tp": true,
          "ema_span_0": 1140.8912419808553,
          "ema_span_1": 1269.7093743548462,
          "enabled": true,
          "eprice_exp_base": 1.0544793007934041,
          "eprice_pprice_diff": 0.00838372119305202,
          "grid_span": 0.16642521252600806,
          "initial_eprice_ema_dist": 0.004,
          "initial_qty_pct": 0.01,
          "markup_range": 0.0021492933435647782,
          "max_n_entry_orders": 20,
          "min_markup": 0.007874141601477525,
          "n_close_orders": 14,
          "secondary_allocation": 0.07122948586586263,
          "secondary_pprice_diff": 0.2316225810130031,
          "wallet_exposure_limit": 1},
 "short": {"auto_unstuck_ema_dist": 0.0016331862452002906,
           "auto_unstuck_wallet_exposure_threshold": 0.03872795395314853,
           "backwards_tp": true,
           "ema_span_0": 483.51923304428374,
           "ema_span_1": 359.3584610324363,
           "enabled": true,
           "eprice_exp_base": 1.258435196086896,
           "eprice_pprice_diff": 0.019775979315901547,
           "grid_span": 0.19328632180385721,
           "initial_eprice_ema_dist": -0.0027309216635865736,
           "initial_qty_pct": 0.011783704359174961,
           "markup_range": 0.0028969936626822637,
           "max_n_entry_orders": 18,
           "min_markup": 0.005502682695424473,
           "n_close_orders": 10,
           "secondary_allocation": 0.1333354701261055,
           "secondary_pprice_diff": 0.22939252665156917,
           "wallet_exposure_limit": 1}}