{"config_name": "static_grid_LTCUSDT_606days",
 "logging_level": 0,
 "long": {"auto_unstuck_ema_dist": -0.07276900448217631,
          "auto_unstuck_wallet_exposure_threshold": 0.03395451919651146,
          "backwards_tp": true,
          "ema_span_0": 752.5635445396625,
          "ema_span_1": 1239.2051738356004,
          "enabled": true,
          "eprice_exp_base": 1,
          "eprice_pprice_diff": 0.008399199685566605,
          "grid_span": 0.1849272536309722,
          "initial_eprice_ema_dist": -0.004642185158333367,
          "initial_qty_pct": 0.0184132964190732,
          "markup_range": 0.005577769759796834,
          "max_n_entry_orders": 22,
          "min_markup": 0.002657439065116054,
          "n_close_orders": 2,
          "secondary_allocation": 0.06950282609909561,
          "secondary_pprice_diff": 0.40488127395304263,
          "wallet_exposure_limit": 0.66},
 "short": {"auto_unstuck_ema_dist": -0.09897111949698405,
           "auto_unstuck_wallet_exposure_threshold": 0.0457646491169582,
           "backwards_tp": true,
           "ema_span_0": 1090.9535082964817,
           "ema_span_1": 136.33829988399927,
           "enabled": true,
           "eprice_exp_base": 1.4910215775950224,
           "eprice_pprice_diff": 0.014681426461478663,
           "grid_span": 0.30014258567958957,
           "initial_eprice_ema_dist": -0.0010939823782186316,
           "initial_qty_pct": 0.01680018911771587,
           "markup_range": 0.0029675221602531296,
           "max_n_entry_orders": 12,
           "min_markup": 0.001482314477906431,
           "n_close_orders": 14,
           "secondary_allocation": 0.09042146200011139,
           "secondary_pprice_diff": 0.22328520567481833,
           "wallet_exposure_limit": 0.66}}