{"config_name": "static_grid_LTCUSDT_436days",
 "logging_level": 0,
 "long": {"auto_unstuck_ema_dist": -0.06658002710977466,
          "auto_unstuck_wallet_exposure_threshold": 0.07250056490236,
          "backwards_tp": true,
          "ema_span_0": 720.417288222958,
          "ema_span_1": 141.14838563519928,
          "enabled": true,
          "eprice_exp_base": 1.1511980132175317,
          "eprice_pprice_diff": 0.009954890388573875,
          "grid_span": 0.16812840423004252,
          "initial_eprice_ema_dist": 0.004,
          "initial_qty_pct": 0.01915690733790795,
          "markup_range": 0.003368201435215653,
          "max_n_entry_orders": 21,
          "min_markup": 0.005721587734613075,
          "n_close_orders": 16,
          "secondary_allocation": 0.09092098090801407,
          "secondary_pprice_diff": 0.24347992263650808,
          "wallet_exposure_limit": 1},
 "short": {"auto_unstuck_ema_dist": -0.028465489650767783,
           "auto_unstuck_wallet_exposure_threshold": 0.052136585130373,
           "backwards_tp": true,
           "ema_span_0": 1357.890518817939,
           "ema_span_1": 1313.9224379233922,
           "enabled": true,
           "eprice_exp_base": 1.364562665238636,
           "eprice_pprice_diff": 0.02158347688589849,
           "grid_span": 0.3575204162517008,
           "initial_eprice_ema_dist": 0.0022675920915692788,
           "initial_qty_pct": 0.01899109092901711,
           "markup_range": 0.006014280547443658,
           "max_n_entry_orders": 19,
           "min_markup": 0.0015578601926606295,
           "n_close_orders": 3,
           "secondary_allocation": 0.11362411243015041,
           "secondary_pprice_diff": 0.45468906122563046,
           "wallet_exposure_limit": 1.0}}