{"config_name": "static_grid_LTCUSDT_542days",
 "logging_level": 0,
 "long": {"auto_unstuck_ema_dist": -0.026795305680366862,
          "auto_unstuck_wallet_exposure_threshold": 0.04067945041398882,
          "backwards_tp": true,
          "ema_span_0": 320.7116891667799,
          "ema_span_1": 1361.1831423389424,
          "enabled": true,
          "eprice_exp_base": 1,
          "eprice_pprice_diff": 0.012810308403700513,
          "grid_span": 0.19984578891408913,
          "initial_eprice_ema_dist": -0.05285345853926053,
          "initial_qty_pct": 0.02072994725451932,
          "markup_range": 0.0028267682796810855,
          "max_n_entry_orders": 15,
          "min_markup": 0.0031550801377823044,
          "n_close_orders": 2,
          "secondary_allocation": 0.06567651639723666,
          "secondary_pprice_diff": 0.24594907805354838,
          "wallet_exposure_limit": 0.66},
 "short": {"auto_unstuck_ema_dist": 0.003,
           "auto_unstuck_wallet_exposure_threshold": 0.0880996072912534,
           "backwards_tp": true,
           "ema_span_0": 1075.3816769086093,
           "ema_span_1": 563.3862332306511,
           "enabled": true,
           "eprice_exp_base": 1.4926580127809068,
           "eprice_pprice_diff": 0.012549587998923164,
           "grid_span": 0.338048671587739,
           "initial_eprice_ema_dist": -0.004297086388883193,
           "initial_qty_pct": 0.01,
           "markup_range": 0.0,
           "max_n_entry_orders": 17,
           "min_markup": 0.002745113066601926,
           "n_close_orders": 14,
           "secondary_allocation": 0.15610447104281158,
           "secondary_pprice_diff": 0.3263917613410986,
           "wallet_exposure_limit": 0.66}}