{"config_name": "static_grid_LTCUSDT_583days",
 "logging_level": 0,
 "long": {"auto_unstuck_ema_dist": -0.04586409282966273,
          "auto_unstuck_wallet_exposure_threshold": 0.04097044722698468,
          "backwards_tp": true,
          "ema_span_0": 1011.1884266884241,
          "ema_span_1": 1369.7721025570781,
          "enabled": true,
          "eprice_exp_base": 1.2485398848402487,
          "eprice_pprice_diff": 0.014615661824720762,
          "grid_span": 0.1399028344132802,
          "initial_eprice_ema_dist": -0.009034742562073053,
          "initial_qty_pct": 0.018355272183360007,
          "markup_range": 0.0018983024091029418,
          "max_n_entry_orders": 20,
          "min_markup": 0.0024916669729113036,
          "n_close_orders": 6,
          "secondary_allocation": 0.09148254256783768,
          "secondary_pprice_diff": 0.435505114119521,
          "wallet_exposure_limit": 0.66},
 "short": {"auto_unstuck_ema_dist": -0.07468829967255634,
           "auto_unstuck_wallet_exposure_threshold": 0.07715542197358904,
           "backwards_tp": true,
           "ema_span_0": 1410.0733467955542,
           "ema_span_1": 1440,
           "enabled": true,
           "eprice_exp_base": 1.4083116158388609,
           "eprice_pprice_diff": 0.012832817921109387,
           "grid_span": 0.15976120975712035,
           "initial_eprice_ema_dist": -0.015052335108786147,
           "initial_qty_pct": 0.011658083333518145,
           "markup_range": 0.0013028405032684109,
           "max_n_entry_orders": 9,
           "min_markup": 0.0012812366822482985,
           "n_close_orders": 5,
           "secondary_allocation": 0.10755677160776043,
           "secondary_pprice_diff": 0.2231721518704862,
           "wallet_exposure_limit": 0.66}}