{"config_name": "static_grid_LTCUSDT_446days",
 "logging_level": 0,
 "long": {"auto_unstuck_ema_dist": -0.07987399017535732,
          "auto_unstuck_wallet_exposure_threshold": 0.08638177626553223,
          "backwards_tp": true,
          "ema_span_0": 173.29049731154356,
          "ema_span_1": 418.8165784369293,
          "enabled": true,
          "eprice_exp_base": 1.1725658258560876,
          "eprice_pprice_diff": 0.010037061721564612,
          "grid_span": 0.17208193829038174,
          "initial_eprice_ema_dist": 0.004,
          "initial_qty_pct": 0.011022045587748202,
          "markup_range": 0.0038495068948474816,
          "max_n_entry_orders": 19,
          "min_markup": 0.006855932143536438,
          "n_close_orders": 2,
          "secondary_allocation": 0.15445640757142723,
          "secondary_pprice_diff": 0.38328025228861035,
          "wallet_exposure_limit": 1},
 "short": {"auto_unstuck_ema_dist": 0.0005378076321190806,
           "auto_unstuck_wallet_exposure_threshold": 0.08707274718517555,
           "backwards_tp": true,
           "ema_span_0": 5.414230951527233,
           "ema_span_1": 89.12111005608891,
           "enabled": true,
           "eprice_exp_base": 1,
           "eprice_pprice_diff": 0.0029131340895708637,
           "grid_span": 0.4085201776109793,
           "initial_eprice_ema_dist": 0.004,
           "initial_qty_pct": 0.05718574338561605,
           "markup_range": 0.0,
           "max_n_entry_orders": 16,
           "min_markup": 0.001,
           "n_close_orders": 6,
           "secondary_allocation": 0.008092851019416378,
           "secondary_pprice_diff": 0.45322101821552924,
           "wallet_exposure_limit": 1}}