{"config_name": "static_grid_LTCUSDT_497days",
 "logging_level": 0,
 "long": {"auto_unstuck_ema_dist": -0.026025625569365236,
          "auto_unstuck_wallet_exposure_threshold": 0.08841003537599766,
          "backwards_tp": true,
          "ema_span_0": 1140.2049883577392,
          "ema_span_1": 957.653495521218,
          "enabled": true,
          "eprice_exp_base": 1.0993163606768104,
          "eprice_pprice_diff": 0.0069314975482937,
          "grid_span": 0.1748437528534947,
          "initial_eprice_ema_dist": 0.004,
          "initial_qty_pct": 0.01360589922643035,
          "markup_range": 0.005738933624140082,
          "max_n_entry_orders": 21,
          "min_markup": 0.0023437905606787856,
          "n_close_orders": 2,
          "secondary_allocation": 0.10713650296884386,
          "secondary_pprice_diff": 0.3025645927848982,
          "wallet_exposure_limit": 1},
 "short": {"auto_unstuck_ema_dist": -0.05079556625921943,
           "auto_unstuck_wallet_exposure_threshold": 0.08853805682858734,
           "backwards_tp": true,
           "ema_span_0": 952.5563883172343,
           "ema_span_1": 1179.4317618946964,
           "enabled": true,
           "eprice_exp_base": 1.3254955160525046,
           "eprice_pprice_diff": 0.021880488186883342,
           "grid_span": 0.18775813221497714,
           "initial_eprice_ema_dist": -0.09387492072951707,
           "initial_qty_pct": 0.011565804184204836,
           "markup_range": 0.0022645840165892387,
           "max_n_entry_orders": 19,
           "min_markup": 0.001,
           "n_close_orders": 11,
           "secondary_allocation": 0.14218037355857266,
           "secondary_pprice_diff": 0.2683416286167519,
           "wallet_exposure_limit": 1}}