{"config_name": "static_grid_SOLUSDT_437days",
 "logging_level": 0,
 "long": {"auto_unstuck_ema_dist": -0.015408488663506692,
          "auto_unstuck_wallet_exposure_threshold": 0.07804389574419131,
          "backwards_tp": true,
          "ema_span_0": 286.4245768733734,
          "ema_span_1": 285.8571657658109,
          "enabled": true,
          "eprice_exp_base": 1.3483626753523386,
          "eprice_pprice_diff": 0.02235467875789715,
          "grid_span": 0.29827262760821577,
          "initial_eprice_ema_dist": 3.410053416563904e-05,
          "initial_qty_pct": 0.01655004692497525,
          "markup_range": 0.0046232520604821865,
          "max_n_entry_orders": 20,
          "min_markup": 0.004904419645966288,
          "n_close_orders": 7,
          "secondary_allocation": 0.04960160475950185,
          "secondary_pprice_diff": 0.3145000756476475,
          "wallet_exposure_limit": 1},
 "short": {"auto_unstuck_ema_dist": -0.001955502282404101,
           "auto_unstuck_wallet_exposure_threshold": 0.07119263605709326,
           "backwards_tp": true,
           "ema_span_0": 908.1093022470312,
           "ema_span_1": 84.3028260558,
           "enabled": true,
           "eprice_exp_base": 1.2234184045399854,
           "eprice_pprice_diff": 0.029825227141471837,
           "grid_span": 0.2919189286351062,
           "initial_eprice_ema_dist": -0.09123019770794101,
           "initial_qty_pct": 0.01,
           "markup_range": 0.0020109000739130297,
           "max_n_entry_orders": 19,
           "min_markup": 0.003986051777606454,
           "n_close_orders": 3,
           "secondary_allocation": 0.5596201307444835,
           "secondary_pprice_diff": 0.09219375444457914,
           "wallet_exposure_limit": 1}}