{"config_name": "static_grid_SOLUSDT_454days",
 "logging_level": 0,
 "long": {"auto_unstuck_ema_dist": 0.0029380570760061814,
          "auto_unstuck_wallet_exposure_threshold": 0.05309027278508538,
          "backwards_tp": true,
          "ema_span_0": 527.9390777015643,
          "ema_span_1": 738.2429512987577,
          "enabled": true,
          "eprice_exp_base": 1.2198221386700927,
          "eprice_pprice_diff": 0.02761664180299788,
          "grid_span": 0.17652539945440712,
          "initial_eprice_ema_dist": -0.004557830374438176,
          "initial_qty_pct": 0.017087077649309772,
          "markup_range": 0.006607283868474998,
          "max_n_entry_orders": 15,
          "min_markup": 0.00926960557620237,
          "n_close_orders": 13,
          "secondary_allocation": 0.0,
          "secondary_pprice_diff": 0.36098187093921663,
          "wallet_exposure_limit": 1},
 "short": {"auto_unstuck_ema_dist": -0.021974919764848486,
           "auto_unstuck_wallet_exposure_threshold": 0.047487327724222615,
           "backwards_tp": true,
           "ema_span_0": 418.6079754914308,
           "ema_span_1": 62.57835281104167,
           "enabled": true,
           "eprice_exp_base": 1.1227550669784556,
           "eprice_pprice_diff": 0.033312882397253385,
           "grid_span": 0.3092903206861258,
           "initial_eprice_ema_dist": -0.009640295352752005,
           "initial_qty_pct": 0.011949289069067795,
           "markup_range": 0.0011302582778584048,
           "max_n_entry_orders": 20,
           "min_markup": 0.005624248900499403,
           "n_close_orders": 13,
           "secondary_allocation": 0.014328118312021538,
           "secondary_pprice_diff": 0.34968482024126374,
           "wallet_exposure_limit": 1.0}}