{"config_name": "static_grid_SOLUSDT_427days",
 "logging_level": 0,
 "long": {"auto_unstuck_ema_dist": -0.05412875589687396,
          "auto_unstuck_wallet_exposure_threshold": 0.07243672338557983,
          "backwards_tp": true,
          "ema_span_0": 283.03202267027774,
          "ema_span_1": 284.8747636057271,
          "enabled": true,
          "eprice_exp_base": 1.1239607365147342,
          "eprice_pprice_diff": 0.027699082982282946,
          "grid_span": 0.21222362225110905,
          "initial_eprice_ema_dist": -0.011708230087067395,
          "initial_qty_pct": 0.01724270580609707,
          "markup_range": 0.0035219657666947625,
          "max_n_entry_orders": 19,
          "min_markup": 0.006660317207942627,
          "n_close_orders": 14,
          "secondary_allocation": 0.08587283065630938,
          "secondary_pprice_diff": 0.24068432104397192,
          "wallet_exposure_limit": 1.0},
 "short": {"auto_unstuck_ema_dist": -0.07036681977009243,
           "auto_unstuck_wallet_exposure_threshold": 0.09174613040538714,
           "backwards_tp": true,
           "ema_span_0": 806.5543509033548,
           "ema_span_1": 523.1381065426303,
           "enabled": true,
           "eprice_exp_base": 1.3886998009163756,
           "eprice_pprice_diff": 0.03264012217905346,
           "grid_span": 0.2972152934779826,
           "initial_eprice_ema_dist": -0.006013000543594135,
           "initial_qty_pct": 0.01007349788335849,
           "markup_range": 0.00144340488863289,
           "max_n_entry_orders": 20,
           "min_markup": 0.006124879633479182,
           "n_close_orders": 14,
           "secondary_allocation": 0.16257402577023247,
           "secondary_pprice_diff": 0.053891578403092964,
           "wallet_exposure_limit": 1}}