{"config_name": "static_grid_SOLUSDT_430days",
 "logging_level": 0,
 "long": {"auto_unstuck_ema_dist": -0.0879586998310792,
          "auto_unstuck_wallet_exposure_threshold": 0.04665060083599892,
          "backwards_tp": true,
          "ema_span_0": 563.2837497146465,
          "ema_span_1": 897.0623260671254,
          "enabled": true,
          "eprice_exp_base": 1.1538357631622147,
          "eprice_pprice_diff": 0.025754394977455533,
          "grid_span": 0.22151881554518707,
          "initial_eprice_ema_dist": -0.09060572795883572,
          "initial_qty_pct": 0.01576895552413999,
          "markup_range": 0.0032284646856763194,
          "max_n_entry_orders": 16,
          "min_markup": 0.006833195215063206,
          "n_close_orders": 2,
          "secondary_allocation": 0.07953351264184905,
          "secondary_pprice_diff": 0.33711524217847516,
          "wallet_exposure_limit": 1},
 "short": {"auto_unstuck_ema_dist": -0.06704596279110794,
           "auto_unstuck_wallet_exposure_threshold": 0.0644259115750632,
           "backwards_tp": true,
           "ema_span_0": 903.1409555000483,
           "ema_span_1": 91.70438366355697,
           "enabled": true,
           "eprice_exp_base": 1.400668085527195,
           "eprice_pprice_diff": 0.03380065556713304,
           "grid_span": 0.29504768241089296,
           "initial_eprice_ema_dist": 0.0022362812866390525,
           "initial_qty_pct": 0.012954375197156705,
           "markup_range": 0.0,
           "max_n_entry_orders": 11,
           "min_markup": 0.0051630611965508555,
           "n_close_orders": 13,
           "secondary_allocation": 0.045368154866291255,
           "secondary_pprice_diff": 0.27599778240440775,
           "wallet_exposure_limit": 1}}