{"config_name": "static_grid_SOLUSDT_445days",
 "logging_level": 0,
 "long": {"auto_unstuck_ema_dist": -0.03200576364890202,
          "auto_unstuck_wallet_exposure_threshold": 0.06876023775878713,
          "backwards_tp": true,
          "ema_span_0": 23.529520894094958,
          "ema_span_1": 161.51854176321058,
          "enabled": true,
          "eprice_exp_base": 1.2868309054702354,
          "eprice_pprice_diff": 0.021366990488417507,
          "grid_span": 0.2154168453351428,
          "initial_eprice_ema_dist": -0.003796166447221396,
          "initial_qty_pct": 0.018228319827671313,
          "markup_range": 0.0021644617058236165,
          "max_n_entry_orders": 20,
          "min_markup": 0.007673967996082057,
          "n_close_orders": 14,
          "secondary_allocation": 0.0841913963328936,
          "secondary_pprice_diff": 0.27675830217381087,
          "wallet_exposure_limit": 1},
 "short": {"auto_unstuck_ema_dist": 0.00029615531515707436,
           "auto_unstuck_wallet_exposure_threshold": 0.06291711439708698,
           "backwards_tp": true,
           "ema_span_0": 1300.5988077813133,
           "ema_span_1": 63.78122543201576,
           "enabled": true,
           "eprice_exp_base": 1.0908815602560795,
           "eprice_pprice_diff": 0.03490106548033591,
           "grid_span": 0.17743442317182914,
           "initial_eprice_ema_dist": -0.06775071359669517,
           "initial_qty_pct": 0.01,
           "markup_range": 0.00443426098265123,
           "max_n_entry_orders": 19,
           "min_markup": 0.0015993516359535506,
           "n_close_orders": 13,
           "secondary_allocation": 0.47652108840581386,
           "secondary_pprice_diff": 0.1264664113704138,
           "wallet_exposure_limit": 1}}